rx:-1.97193e+031, ry:9.30639e+030, vx:-1.97193e+020, vy:9.30639e+019, mass:1.60852e+050
rx:1.71591e+030, ry:-1.75874e+030, vx:1.71591e+019, vy:-1.75874e+019, mass:1.782e+050
rx:1.02331e+032, ry:5.37347e+031, vx:1.02331e+021, vy:5.37347e+020, mass:1.70837e+050
rx:7.6089e+030, ry:-8.35956e+030, vx:7.6089e+019, vy:-8.35956e+019, mass:2.98031e+048
rx:-1.79333e+030, ry:-1.39123e+031, vx:-1.79333e+019, vy:-1.39123e+020, mass:3.29959e+049
rx:1.54494e+031, ry:-1.51186e+030, vx:1.54494e+020, vy:-1.51186e+019, mass:9.28693e+047
rx:-2.1223e+031, ry:3.9292e+030, vx:-2.1223e+020, vy:3.9292e+019, mass:1.13604e+050
rx:4.75423e+030, ry:2.51199e+030, vx:4.75423e+019, vy:2.51199e+019, mass:1.31874e+050
rx:-3.06735e+030, ry:-1.35195e+031, vx:-3.06735e+019, vy:-1.35195e+020, mass:1.20864e+050
rx:1.28168e+030, ry:7.11499e+030, vx:1.28168e+019, vy:7.11499e+019, mass:6.00555e+049
rx:4.1376e+032, ry:2.55833e+032, vx:4.1376e+021, vy:2.55833e+021, mass:1.84118e+050
rx:8.17829e+030, ry:-1.86045e+031, vx:8.17829e+019, vy:-1.86045e+020, mass:4.68049e+049
rx:1.35773e+031, ry:3.64282e+030, vx:1.35773e+020, vy:3.64282e+019, mass:1.67796e+050
rx:6.04129e+030, ry:7.08442e+030, vx:6.04129e+019, vy:7.08442e+019, mass:7.80527e+049
rx:5.81386e+030, ry:1.02348e+032, vx:5.81386e+019, vy:1.02348e+021, mass:4.72237e+048
rx:-7.82396e+029, ry:5.47444e+028, vx:-7.82396e+018, vy:5.47444e+017, mass:1.11807e+049
rx:-2.4257e+031, ry:1.34324e+031, vx:-2.4257e+020, vy:1.34324e+020, mass:5.42769e+049
rx:7.39748e+031, ry:1.01604e+031, vx:7.39748e+020, vy:1.01604e+020, mass:1.44494e+050
rx:1.5676e+030, ry:-9.68996e+030, vx:1.5676e+019, vy:-9.68996e+019, mass:9.31728e+049
rx:2.02267e+031, ry:1.95281e+031, vx:2.02267e+020, vy:1.95281e+020, mass:2.1536e+049
rx:-5.99243e+030, ry:1.31542e+030, vx:-5.99243e+019, vy:1.31542e+019, mass:1.21119e+050
rx:-7.75623e+030, ry:1.08193e+031, vx:-7.75623e+019, vy:1.08193e+020, mass:4.47715e+049
rx:-4.80266e+032, ry:5.61788e+032, vx:-4.80266e+021, vy:5.61788e+021, mass:1.96901e+050
rx:1.3146e+031, ry:-1.73773e+031, vx:1.3146e+020, vy:-1.73773e+020, mass:1.30733e+050
rx:5.85261e+030, ry:-9.42164e+030, vx:5.85261e+019, vy:-9.42164e+019, mass:1.00402e+050
rx:-6.80148e+030, ry:4.95698e+030, vx:-6.80148e+019, vy:4.95698e+019, mass:1.80021e+050
rx:9.83075e+030, ry:-1.1847e+031, vx:9.83075e+019, vy:-1.1847e+020, mass:1.39972e+049
rx:1.99236e+031, ry:-3.0363e+030, vx:1.99236e+020, vy:-3.0363e+019, mass:1.74479e+050
rx:-7.40139e+030, ry:4.66041e+030, vx:-7.40139e+019, vy:4.66041e+019, mass:3.53814e+049
rx:4.71522e+030, ry:-5.90849e+030, vx:4.71522e+019, vy:-5.90849e+019, mass:1.00226e+050
rx:2.16428e+030, ry:3.0193e+030, vx:2.16428e+019, vy:3.0193e+019, mass:1.13118e+050
rx:2.13088e+031, ry:4.24973e+030, vx:2.13088e+020, vy:4.24973e+019, mass:9.45324e+049
rx:-6.37723e+030, ry:-8.3198e+030, vx:-6.37723e+019, vy:-8.3198e+019, mass:6.98037e+048
rx:-1.18818e+031, ry:-4.67057e+030, vx:-1.18818e+020, vy:-4.67057e+019, mass:2.08197e+049
rx:8.15856e+031, ry:-2.99464e+031, vx:8.15856e+020, vy:-2.99464e+020, mass:6.88143e+049
rx:-7.94455e+030, ry:3.77113e+031, vx:-7.94455e+019, vy:3.77113e+020, mass:6.30236e+049
rx:-3.50713e+030, ry:-3.37622e+030, vx:-3.50713e+019, vy:-3.37622e+019, mass:5.923e+049
rx:7.80128e+030, ry:-5.70134e+030, vx:7.80128e+019, vy:-5.70134e+019, mass:1.51419e+050
rx:2.10299e+031, ry:4.93751e+031, vx:2.10299e+020, vy:4.93751e+020, mass:1.77046e+050
rx:-1.3174e+033, ry:-5.86513e+032, vx:-1.3174e+022, vy:-5.86513e+021, mass:1.00457e+049
rx:2.44854e+030, ry:-6.55772e+030, vx:2.44854e+019, vy:-6.55772e+019, mass:1.24657e+050
rx:1.7177e+030, ry:1.8947e+030, vx:1.7177e+019, vy:1.8947e+019, mass:2.45284e+049
rx:-1.68944e+031, ry:7.67111e+029, vx:-1.68944e+020, vy:7.67111e+018, mass:1.87171e+050
rx:-1.99785e+031, ry:-9.74202e+030, vx:-1.99785e+020, vy:-9.74202e+019, mass:1.45805e+050
rx:4.4742e+030, ry:-8.52224e+030, vx:4.4742e+019, vy:-8.52224e+019, mass:1.48615e+050
rx:-2.01557e+032, ry:1.96246e+032, vx:-2.01557e+021, vy:1.96246e+021, mass:1.21337e+049
rx:5.28939e+030, ry:2.39475e+031, vx:5.28939e+019, vy:2.39475e+020, mass:2.29927e+049
rx:-1.37798e+031, ry:-1.53652e+031, vx:-1.37798e+020, vy:-1.53652e+020, mass:9.03988e+049
rx:3.40505e+029, ry:3.13374e+030, vx:3.40505e+018, vy:3.13374e+019, mass:1.46952e+049
rx:3.94904e+030, ry:-1.49207e+031, vx:3.94904e+019, vy:-1.49207e+020, mass:5.77489e+049
rx:1.05612e+031, ry:2.54286e+031, vx:1.05612e+020, vy:2.54286e+020, mass:1.05926e+050
rx:1.29152e+031, ry:-4.54229e+030, vx:1.29152e+020, vy:-4.54229e+019, mass:1.91541e+050
rx:5.40913e+030, ry:1.10323e+031, vx:5.40913e+019, vy:1.10323e+020, mass:6.68173e+049
rx:-1.89751e+031, ry:2.12612e+031, vx:-1.89751e+020, vy:2.12612e+020, mass:1.98497e+050
rx:-4.04461e+030, ry:-2.585e+030, vx:-4.04461e+019, vy:-2.585e+019, mass:8.70604e+049
rx:6.63274e+030, ry:-5.74238e+030, vx:6.63274e+019, vy:-5.74238e+019, mass:5.76821e+049
rx:5.13315e+031, ry:4.15268e+031, vx:5.13315e+020, vy:4.15268e+020, mass:4.01705e+049
rx:3.97968e+030, ry:8.16587e+030, vx:3.97968e+019, vy:8.16587e+019, mass:9.2754e+049
rx:-3.28142e+030, ry:1.94832e+031, vx:-3.28142e+019, vy:1.94832e+020, mass:1.6484e+050
rx:-1.41537e+031, ry:1.95155e+030, vx:-1.41537e+020, vy:1.95155e+019, mass:7.46111e+049
rx:-6.67044e+030, ry:-4.35361e+030, vx:-6.67044e+019, vy:-4.35361e+019, mass:1.80015e+050
rx:4.43521e+029, ry:-4.34673e+031, vx:4.43521e+018, vy:-4.34673e+020, mass:1.38928e+050
rx:4.33683e+031, ry:-1.23157e+031, vx:4.33683e+020, vy:-1.23157e+020, mass:1.59881e+049
rx:-1.39482e+032, ry:-1.54535e+032, vx:-1.39482e+021, vy:-1.54535e+021, mass:1.37459e+050
rx:2.42372e+031, ry:-6.71564e+030, vx:2.42372e+020, vy:-6.71564e+019, mass:1.72585e+050
rx:2.35106e+031, ry:-3.40931e+030, vx:2.35106e+020, vy:-3.40931e+019, mass:8.59496e+048
rx:-1.03261e+031, ry:6.06808e+031, vx:-1.03261e+020, vy:6.06808e+020, mass:1.13209e+050
rx:1.4623e+031, ry:-8.74414e+030, vx:1.4623e+020, vy:-8.74414e+019, mass:1.72846e+050
rx:-2.47824e+031, ry:-6.50415e+030, vx:-2.47824e+020, vy:-6.50415e+019, mass:6.50206e+049
rx:-1.00323e+031, ry:-7.25425e+030, vx:-1.00323e+020, vy:-7.25425e+019, mass:1.63092e+050
rx:1.91245e+031, ry:5.17901e+031, vx:1.91245e+020, vy:5.17901e+020, mass:5.94181e+049
rx:3.42952e+029, ry:-7.4529e+030, vx:3.42952e+018, vy:-7.4529e+019, mass:6.42498e+049
rx:5.54037e+030, ry:-1.12804e+031, vx:5.54037e+019, vy:-1.12804e+020, mass:1.90752e+050
rx:-3.86286e+032, ry:-2.48645e+032, vx:-3.86286e+021, vy:-2.48645e+021, mass:1.87754e+050
rx:1.1255e+031, ry:-1.43291e+030, vx:1.1255e+020, vy:-1.43291e+019, mass:1.04335e+050
rx:-6.13166e+030, ry:3.18971e+031, vx:-6.13166e+019, vy:3.18971e+020, mass:1.74157e+050
rx:-8.58301e+029, ry:2.06095e+030, vx:-8.58301e+018, vy:2.06095e+019, mass:1.00451e+050
rx:-2.86318e+031, ry:-3.93548e+030, vx:-2.86318e+020, vy:-3.93548e+019, mass:1.09622e+050
rx:8.92396e+030, ry:-1.18133e+031, vx:8.92396e+019, vy:-1.18133e+020, mass:7.54062e+049
rx:1.66513e+030, ry:6.46248e+030, vx:1.66513e+019, vy:6.46248e+019, mass:7.60496e+049
rx:3.9958e+031, ry:1.25965e+031, vx:3.9958e+020, vy:1.25965e+020, mass:7.8599e+049
rx:-1.67077e+031, ry:-9.54386e+028, vx:-1.67077e+020, vy:-9.54386e+017, mass:1.23923e+050
rx:-1.31066e+031, ry:-1.85393e+030, vx:-1.31066e+020, vy:-1.85393e+019, mass:9.88299e+049
rx:7.46921e+030, ry:-1.33684e+030, vx:7.46921e+019, vy:-1.33684e+019, mass:7.10238e+049
rx:4.93536e+030, ry:3.18373e+030, vx:4.93536e+019, vy:3.18373e+019, mass:7.4435e+049
rx:1.20694e+030, ry:-2.36694e+030, vx:1.20694e+019, vy:-2.36694e+019, mass:1.21719e+050
rx:1.84795e+031, ry:-8.64806e+030, vx:1.84795e+020, vy:-8.64806e+019, mass:1.27134e+050
rx:2.57478e+031, ry:-9.52703e+031, vx:2.57478e+020, vy:-9.52703e+020, mass:1.18715e+050
rx:2.1679e+031, ry:-2.58351e+031, vx:2.1679e+020, vy:-2.58351e+020, mass:2.51536e+049
rx:2.50682e+031, ry:-1.20911e+031, vx:2.50682e+020, vy:-1.20911e+020, mass:1.3117e+049
rx:1.48902e+031, ry:2.27205e+030, vx:1.48902e+020, vy:2.27205e+019, mass:6.35274e+049
rx:-1.73772e+031, ry:1.9603e+031, vx:-1.73772e+020, vy:1.9603e+020, mass:1.60482e+050
rx:-6.19612e+030, ry:-6.66381e+030, vx:-6.19612e+019, vy:-6.66381e+019, mass:1.79122e+050
rx:2.31015e+031, ry:-4.2086e+031, vx:2.31015e+020, vy:-4.2086e+020, mass:5.0459e+049
rx:1.26705e+032, ry:5.22478e+031, vx:1.26705e+021, vy:5.22478e+020, mass:8.50877e+049
rx:2.42942e+031, ry:-2.51854e+031, vx:2.42942e+020, vy:-2.51854e+020, mass:4.48625e+049
rx:-1.02554e+031, ry:-3.19571e+031, vx:-1.02554e+020, vy:-3.19571e+020, mass:2.67925e+049
rx:8.7717e+030, ry:1.30411e+031, vx:8.7717e+019, vy:1.30411e+020, mass:1.57052e+050
rx:1.28457e+032, ry:1.25067e+032, vx:1.28457e+021, vy:1.25067e+021, mass:1.70382e+050
rx:-2.9743e+030, ry:2.39169e+031, vx:-2.9743e+019, vy:2.39169e+020, mass:4.96335e+049
rx:1.44896e+031, ry:-5.07408e+031, vx:1.44896e+020, vy:-5.07408e+020, mass:1.61945e+049
rx:-4.68985e+031, ry:-1.84512e+031, vx:-4.68985e+020, vy:-1.84512e+020, mass:5.14726e+049
rx:1.07254e+033, ry:6.03941e+032, vx:1.07254e+022, vy:6.03941e+021, mass:2.48805e+049
rx:6.68011e+030, ry:3.08218e+030, vx:6.68011e+019, vy:3.08218e+019, mass:1.16785e+049
rx:3.76855e+030, ry:1.45886e+031, vx:3.76855e+019, vy:1.45886e+020, mass:8.60771e+049
rx:1.13687e+031, ry:-1.23494e+031, vx:1.13687e+020, vy:-1.23494e+020, mass:1.67486e+050
rx:4.77234e+030, ry:-3.13405e+031, vx:4.77234e+019, vy:-3.13405e+020, mass:8.61924e+047
rx:-2.42702e+031, ry:4.98001e+032, vx:-2.42702e+020, vy:4.98001e+021, mass:4.79521e+049
rx:2.80048e+031, ry:-2.94355e+031, vx:2.80048e+020, vy:-2.94355e+020, mass:1.88009e+050
rx:4.16383e+029, ry:1.4541e+031, vx:4.16383e+018, vy:1.4541e+020, mass:1.87153e+050
rx:-4.04132e+031, ry:1.66476e+031, vx:-4.04132e+020, vy:1.66476e+020, mass:2.83282e+049
rx:-1.23147e+031, ry:-1.88692e+030, vx:-1.23147e+020, vy:-1.88692e+019, mass:8.3121e+049
rx:-1.61096e+031, ry:1.7136e+030, vx:-1.61096e+020, vy:1.7136e+019, mass:1.28985e+049
rx:1.717e+031, ry:3.463e+030, vx:1.717e+020, vy:3.463e+019, mass:1.5965e+050
rx:-3.70665e+031, ry:-2.12801e+031, vx:-3.70665e+020, vy:-2.12801e+020, mass:1.37137e+050
rx:-2.4959e+030, ry:6.4008e+030, vx:-2.4959e+019, vy:6.4008e+019, mass:1.72773e+050
rx:8.48749e+030, ry:-7.44293e+031, vx:8.48749e+019, vy:-7.44293e+020, mass:1.09786e+050
rx:1.48279e+031, ry:-4.91843e+030, vx:1.48279e+020, vy:-4.91843e+019, mass:2.88745e+049
rx:1.83648e+031, ry:-8.56545e+030, vx:1.83648e+020, vy:-8.56545e+019, mass:1.83474e+050
rx:-2.46868e+030, ry:2.23134e+030, vx:-2.46868e+019, vy:2.23134e+019, mass:3.10111e+049
rx:-1.46567e+031, ry:-1.29161e+031, vx:-1.46567e+020, vy:-1.29161e+020, mass:2.11657e+049
rx:6.49123e+030, ry:-2.14861e+031, vx:6.49123e+019, vy:-2.14861e+020, mass:1.55553e+050
rx:-9.13914e+030, ry:2.64022e+030, vx:-9.13914e+019, vy:2.64022e+019, mass:1.73113e+050
rx:-9.41083e+028, ry:-8.20298e+029, vx:-9.41083e+017, vy:-8.20298e+018, mass:1.49295e+050
rx:1.36036e+031, ry:-1.53597e+031, vx:1.36036e+020, vy:-1.53597e+020, mass:1.97423e+050
rx:-1.58826e+031, ry:-2.48087e+031, vx:-1.58826e+020, vy:-2.48087e+020, mass:4.92632e+049
rx:-4.55379e+029, ry:-1.83407e+031, vx:-4.55379e+018, vy:-1.83407e+020, mass:1.86777e+050
rx:-1.53605e+030, ry:-1.58113e+031, vx:-1.53605e+019, vy:-1.58113e+020, mass:1.30624e+050
rx:2.53382e+031, ry:-2.46685e+030, vx:2.53382e+020, vy:-2.46685e+019, mass:1.32099e+050
rx:2.73451e+031, ry:3.72207e+031, vx:2.73451e+020, vy:3.72207e+020, mass:8.39405e+049
rx:2.26988e+031, ry:-3.26221e+030, vx:2.26988e+020, vy:-3.26221e+019, mass:1.06696e+050
rx:3.14534e+031, ry:-5.23112e+031, vx:3.14534e+020, vy:-5.23112e+020, mass:7.28386e+048
rx:9.3042e+030, ry:4.89058e+030, vx:9.3042e+019, vy:4.89058e+019, mass:7.74518e+049
rx:6.64995e+030, ry:-1.20558e+031, vx:6.64995e+019, vy:-1.20558e+020, mass:3.1005e+049
rx:1.27575e+031, ry:-2.60801e+030, vx:1.27575e+020, vy:-2.60801e+019, mass:1.38697e+050
rx:-1.53062e+032, ry:6.8169e+031, vx:-1.53062e+021, vy:6.8169e+020, mass:1.66218e+050
rx:-2.59957e+031, ry:-3.75467e+030, vx:-2.59957e+020, vy:-3.75467e+019, mass:1.7423e+050
rx:-1.51467e+030, ry:1.81534e+031, vx:-1.51467e+019, vy:1.81534e+020, mass:1.78151e+050
rx:5.9075e+030, ry:1.21308e+030, vx:5.9075e+019, vy:1.21308e+019, mass:1.40919e+050
rx:-2.25384e+030, ry:-5.32036e+029, vx:-2.25384e+019, vy:-5.32036e+018, mass:8.10755e+049
rx:1.50548e+031, ry:-2.68348e+030, vx:1.50548e+020, vy:-2.68348e+019, mass:1.78218e+050
rx:-1.03977e+031, ry:-5.89931e+030, vx:-1.03977e+020, vy:-5.89931e+019, mass:6.13787e+049
rx:-2.81102e+030, ry:1.25091e+031, vx:-2.81102e+019, vy:1.25091e+020, mass:1.45926e+050
rx:9.54448e+030, ry:-4.97877e+030, vx:9.54448e+019, vy:-4.97877e+019, mass:2.7709e+049
rx:-1.55454e+031, ry:-9.55727e+030, vx:-1.55454e+020, vy:-9.55727e+019, mass:1.81216e+050
rx:-1.3473e+031, ry:-5.0653e+030, vx:-1.3473e+020, vy:-5.0653e+019, mass:1.80482e+050
rx:1.05052e+032, ry:-1.03939e+031, vx:1.05052e+021, vy:-1.03939e+020, mass:8.72182e+049
rx:1.60429e+030, ry:-3.15097e+030, vx:1.60429e+019, vy:-3.15097e+019, mass:1.50715e+049
rx:-1.59586e+031, ry:7.90952e+030, vx:-1.59586e+020, vy:7.90952e+019, mass:1.38685e+050
rx:-8.6247e+028, ry:-7.47299e+030, vx:-8.6247e+017, vy:-7.47299e+019, mass:1.34399e+050
rx:1.40547e+030, ry:-4.59215e+029, vx:1.40547e+019, vy:-4.59215e+018, mass:1.2246e+050
rx:3.91436e+030, ry:-1.677e+030, vx:3.91436e+019, vy:-1.677e+019, mass:1.08469e+050
rx:3.53045e+031, ry:-5.46755e+031, vx:3.53045e+020, vy:-5.46755e+020, mass:1.92919e+050
rx:5.72279e+030, ry:-4.05944e+030, vx:5.72279e+019, vy:-4.05944e+019, mass:1.37793e+050
rx:-2.76454e+030, ry:5.1945e+030, vx:-2.76454e+019, vy:5.1945e+019, mass:1.61058e+050
rx:-1.51052e+031, ry:-2.86939e+031, vx:-1.51052e+020, vy:-2.86939e+020, mass:1.56026e+050
rx:2.05004e+032, ry:-4.56632e+032, vx:2.05004e+021, vy:-4.56632e+021, mass:1.82097e+048
rx:-3.76417e+030, ry:-7.14062e+029, vx:-3.76417e+019, vy:-7.14062e+018, mass:1.50867e+050
rx:5.2005e+030, ry:-9.99573e+030, vx:5.2005e+019, vy:-9.99573e+019, mass:1.8742e+050
rx:6.81541e+029, ry:1.86432e+031, vx:6.81541e+018, vy:1.86432e+020, mass:1.11947e+050
rx:1.98998e+031, ry:-8.94734e+030, vx:1.98998e+020, vy:-8.94734e+019, mass:5.65289e+049
rx:-1.89687e+031, ry:-5.92626e+030, vx:-1.89687e+020, vy:-5.92626e+019, mass:3.70263e+048
rx:3.29202e+030, ry:-8.35507e+030, vx:3.29202e+019, vy:-8.35507e+019, mass:1.86315e+050
rx:-3.13192e+031, ry:-4.42473e+031, vx:-3.13192e+020, vy:-4.42473e+020, mass:1.60779e+050
rx:-1.40091e+031, ry:7.30103e+030, vx:-1.40091e+020, vy:7.30103e+019, mass:1.57149e+049
rx:1.57623e+030, ry:-3.80726e+030, vx:1.57623e+019, vy:-3.80726e+019, mass:1.17234e+050
rx:-1.50896e+031, ry:-1.29309e+031, vx:-1.50896e+020, vy:-1.29309e+020, mass:6.83348e+049
rx:2.11291e+031, ry:7.42886e+031, vx:2.11291e+020, vy:7.42886e+020, mass:4.61615e+049
rx:1.61695e+031, ry:-4.555e+030, vx:1.61695e+020, vy:-4.555e+019, mass:2.32416e+049
rx:3.80265e+030, ry:1.40892e+031, vx:3.80265e+019, vy:1.40892e+020, mass:3.64011e+049
rx:-8.60553e+030, ry:9.79501e+030, vx:-8.60553e+019, vy:9.79501e+019, mass:1.91972e+050
rx:-4.54583e+030, ry:9.64865e+030, vx:-4.54583e+019, vy:9.64865e+019, mass:1.89623e+050
rx:6.109e+030, ry:9.58087e+030, vx:6.109e+019, vy:9.58087e+019, mass:3.68867e+049
rx:2.11495e+031, ry:-1.7495e+031, vx:2.11495e+020, vy:-1.7495e+020, mass:1.45629e+050
rx:-1.6792e+031, ry:1.50995e+031, vx:-1.6792e+020, vy:1.50995e+020, mass:9.56554e+049
rx:-9.32742e+030, ry:6.27608e+030, vx:-9.32742e+019, vy:6.27608e+019, mass:2.47894e+049
rx:3.88156e+030, ry:4.2965e+030, vx:3.88156e+019, vy:4.2965e+019, mass:1.51565e+050
rx:1.10037e+031, ry:-2.35618e+031, vx:1.10037e+020, vy:-2.35618e+020, mass:3.05315e+048
rx:6.72989e+030, ry:-1.97924e+031, vx:6.72989e+019, vy:-1.97924e+020, mass:1.43431e+049
rx:-4.337e+030, ry:6.27291e+030, vx:-4.337e+019, vy:6.27291e+019, mass:1.10715e+050
rx:-3.05561e+031, ry:-1.45343e+031, vx:-3.05561e+020, vy:-1.45343e+020, mass:1.2694e+050
rx:-4.81167e+031, ry:2.20342e+031, vx:-4.81167e+020, vy:2.20342e+020, mass:5.60372e+049
rx:2.05735e+031, ry:-1.7428e+030, vx:2.05735e+020, vy:-1.7428e+019, mass:9.34156e+048
rx:-2.91495e+031, ry:9.77969e+030, vx:-2.91495e+020, vy:9.77969e+019, mass:6.8268e+049
rx:2.30044e+031, ry:6.37686e+030, vx:2.30044e+020, vy:6.37686e+019, mass:1.08432e+050
rx:-2.63306e+030, ry:8.80531e+031, vx:-2.63306e+019, vy:8.80531e+020, mass:1.74279e+050
rx:-5.31434e+029, ry:3.64658e+030, vx:-5.31434e+018, vy:3.64658e+019, mass:9.26386e+049
rx:2.04158e+030, ry:4.16874e+030, vx:2.04158e+019, vy:4.16874e+019, mass:9.67783e+049
rx:-2.06741e+031, ry:8.27299e+029, vx:-2.06741e+020, vy:8.27299e+018, mass:1.54831e+050
rx:-4.1074e+029, ry:2.62894e+031, vx:-4.1074e+018, vy:2.62894e+020, mass:1.71917e+050
rx:3.87478e+031, ry:-5.90469e+030, vx:3.87478e+020, vy:-5.90469e+019, mass:1.52275e+050
rx:6.41333e+030, ry:1.08362e+031, vx:6.41333e+019, vy:1.08362e+020, mass:1.03813e+050
rx:-4.41067e+030, ry:-7.4844e+030, vx:-4.41067e+019, vy:-7.4844e+019, mass:1.63699e+050
rx:-4.24704e+029, ry:-9.73018e+030, vx:-4.24704e+018, vy:-9.73018e+019, mass:1.30764e+050
rx:9.57884e+031, ry:-2.43359e+031, vx:9.57884e+020, vy:-2.43359e+020, mass:7.67052e+049
rx:1.26325e+031, ry:7.92709e+030, vx:1.26325e+020, vy:7.92709e+019, mass:2.84131e+049
rx:-3.20766e+030, ry:-5.26635e+030, vx:-3.20766e+019, vy:-5.26635e+019, mass:1.94601e+050
rx:1.76841e+032, ry:-9.49137e+031, vx:1.76841e+021, vy:-9.49137e+020, mass:1.26788e+050
rx:7.46555e+030, ry:-1.01941e+031, vx:7.46555e+019, vy:-1.01941e+020, mass:7.79556e+049
rx:-1.4011e+030, ry:1.20093e+031, vx:-1.4011e+019, vy:1.20093e+020, mass:1.64294e+050
rx:-4.71223e+031, ry:1.93117e+031, vx:-4.71223e+020, vy:1.93117e+020, mass:1.95608e+050
rx:-2.8222e+029, ry:-5.66205e+030, vx:-2.8222e+018, vy:-5.66205e+019, mass:1.55565e+050
rx:-2.31922e+030, ry:-1.10754e+031, vx:-2.31922e+019, vy:-1.10754e+020, mass:2.03888e+049
rx:1.50801e+031, ry:-1.07524e+031, vx:1.50801e+020, vy:-1.07524e+020, mass:9.07752e+049
rx:1.75948e+030, ry:1.55722e+031, vx:1.75948e+019, vy:1.55722e+020, mass:1.27619e+050
rx:-3.69324e+030, ry:2.74376e+031, vx:-3.69324e+019, vy:2.74376e+020, mass:5.76397e+049
rx:-1.40526e+031, ry:1.03981e+031, vx:-1.40526e+020, vy:1.03981e+020, mass:1.41683e+050
rx:5.03649e+032, ry:-2.75369e+033, vx:5.03649e+021, vy:-2.75369e+022, mass:1.89356e+050
rx:4.03644e+030, ry:8.18676e+030, vx:4.03644e+019, vy:8.18676e+019, mass:8.86568e+049
rx:1.50871e+032, ry:-2.66308e+031, vx:1.50871e+021, vy:-2.66308e+020, mass:4.06986e+049
rx:2.12612e+031, ry:-6.7083e+030, vx:2.12612e+020, vy:-6.7083e+019, mass:1.82661e+050
rx:2.08298e+030, ry:-5.43754e+030, vx:2.08298e+019, vy:-5.43754e+019, mass:1.76883e+050
rx:3.29895e+030, ry:-6.35482e+030, vx:3.29895e+019, vy:-6.35482e+019, mass:4.03769e+049
rx:-1.65439e+029, ry:1.28111e+031, vx:-1.65439e+018, vy:1.28111e+020, mass:8.2247e+048
rx:2.0284e+031, ry:-1.22255e+031, vx:2.0284e+020, vy:-1.22255e+020, mass:1.08293e+050
rx:-1.74783e+030, ry:-9.72274e+030, vx:-1.74783e+019, vy:-9.72274e+019, mass:2.54085e+049
rx:-1.78268e+031, ry:-2.13411e+030, vx:-1.78268e+020, vy:-2.13411e+019, mass:1.31316e+050
rx:6.61583e+031, ry:-1.5261e+032, vx:6.61583e+020, vy:-1.5261e+021, mass:8.16521e+049
rx:4.92343e+031, ry:-7.67464e+030, vx:4.92343e+020, vy:-7.67464e+019, mass:3.31052e+049
rx:-9.06465e+029, ry:2.41373e+030, vx:-9.06465e+018, vy:2.41373e+019, mass:8.65323e+049
rx:-4.48887e+031, ry:-5.68878e+030, vx:-4.48887e+020, vy:-5.68878e+019, mass:2.55724e+049
rx:8.07759e+031, ry:-3.74913e+031, vx:8.07759e+020, vy:-3.74913e+020, mass:1.27953e+050
rx:-1.16474e+031, ry:-8.77904e+030, vx:-1.16474e+020, vy:-8.77904e+019, mass:1.46618e+050
rx:1.9176e+031, ry:-5.9107e+030, vx:1.9176e+020, vy:-5.9107e+019, mass:2.23129e+049
rx:2.2667e+030, ry:6.79581e+030, vx:2.2667e+019, vy:6.79581e+019, mass:2.16149e+049
rx:5.69556e+031, ry:8.51074e+030, vx:5.69556e+020, vy:8.51074e+019, mass:8.28722e+049
rx:7.71666e+030, ry:-9.01537e+029, vx:7.71666e+019, vy:-9.01537e+018, mass:4.20218e+049
rx:-7.72643e+030, ry:4.70535e+030, vx:-7.72643e+019, vy:4.70535e+019, mass:1.2297e+050
rx:-5.08622e+031, ry:-2.31094e+030, vx:-5.08622e+020, vy:-2.31094e+019, mass:1.82115e+050
rx:4.10433e+031, ry:-1.08422e+031, vx:4.10433e+020, vy:-1.08422e+020, mass:7.5218e+049
rx:1.15063e+032, ry:5.51254e+031, vx:1.15063e+021, vy:5.51254e+020, mass:3.39246e+049
rx:-4.7357e+030, ry:-4.32698e+031, vx:-4.7357e+019, vy:-4.32698e+020, mass:3.8908e+049
rx:5.39661e+030, ry:-3.71414e+030, vx:5.39661e+019, vy:-3.71414e+019, mass:6.04621e+049
rx:-9.06837e+030, ry:-5.22619e+030, vx:-9.06837e+019, vy:-5.22619e+019, mass:1.5338e+050
rx:2.24942e+031, ry:2.91865e+031, vx:2.24942e+020, vy:2.91865e+020, mass:8.92273e+049
rx:9.92142e+032, ry:-1.05914e+033, vx:9.92142e+021, vy:-1.05914e+022, mass:9.84232e+049
rx:-4.00443e+030, ry:1.36974e+029, vx:-4.00443e+019, vy:1.36974e+018, mass:1.84464e+049
rx:-4.20451e+030, ry:1.9915e+030, vx:-4.20451e+019, vy:1.9915e+019, mass:1.18606e+049
rx:5.81107e+030, ry:-1.24169e+030, vx:5.81107e+019, vy:-1.24169e+019, mass:1.50375e+050
rx:-7.02844e+030, ry:1.01872e+031, vx:-7.02844e+019, vy:1.01872e+020, mass:3.97031e+049
rx:-7.57782e+030, ry:-2.48062e+030, vx:-7.57782e+019, vy:-2.48062e+019, mass:1.57198e+050
rx:-1.50679e+031, ry:-4.07724e+031, vx:-1.50679e+020, vy:-4.07724e+020, mass:1.10059e+050
rx:1.09218e+032, ry:1.39906e+032, vx:1.09218e+021, vy:1.39906e+021, mass:6.07474e+049
rx:-7.4027e+030, ry:-2.56977e+030, vx:-7.4027e+019, vy:-2.56977e+019, mass:1.29671e+050
rx:-2.9807e+031, ry:5.71671e+030, vx:-2.9807e+020, vy:5.71671e+019, mass:4.37032e+049
rx:-1.71525e+031, ry:-1.31484e+031, vx:-1.71525e+020, vy:-1.31484e+020, mass:6.50085e+048
rx:8.07353e+030, ry:-4.88071e+030, vx:8.07353e+019, vy:-4.88071e+019, mass:8.6769e+049
rx:1.53055e+031, ry:1.33375e+031, vx:1.53055e+020, vy:1.33375e+020, mass:9.48663e+049
rx:5.39046e+030, ry:4.26331e+029, vx:5.39046e+019, vy:4.26331e+018, mass:2.8486e+049
rx:-1.0254e+031, ry:3.51244e+030, vx:-1.0254e+020, vy:3.51244e+019, mass:7.43501e+049
rx:5.6922e+030, ry:-2.03707e+031, vx:5.6922e+019, vy:-2.03707e+020, mass:4.77336e+049
rx:1.01863e+031, ry:9.25232e+029, vx:1.01863e+020, vy:9.25232e+018, mass:4.13724e+049
rx:-6.92399e+030, ry:1.62623e+031, vx:-6.92399e+019, vy:1.62623e+020, mass:1.76555e+050
rx:1.27704e+031, ry:-1.78161e+031, vx:1.27704e+020, vy:-1.78161e+020, mass:3.45134e+049
rx:-4.55295e+030, ry:8.34104e+030, vx:-4.55295e+019, vy:8.34104e+019, mass:3.68078e+049
rx:1.82225e+031, ry:-2.88124e+030, vx:1.82225e+020, vy:-2.88124e+019, mass:1.81326e+050
rx:1.11805e+031, ry:1.13928e+031, vx:1.11805e+020, vy:1.13928e+020, mass:1.92792e+050
rx:1.42336e+031, ry:-2.37311e+031, vx:1.42336e+020, vy:-2.37311e+020, mass:7.44654e+049
rx:-7.81287e+031, ry:-3.01676e+031, vx:-7.81287e+020, vy:-3.01676e+020, mass:1.47541e+050
rx:2.50258e+031, ry:-1.96799e+031, vx:2.50258e+020, vy:-1.96799e+020, mass:1.61641e+050
rx:8.17007e+030, ry:3.19837e+031, vx:8.17007e+019, vy:3.19837e+020, mass:1.42982e+050
rx:7.48857e+030, ry:-1.5997e+031, vx:7.48857e+019, vy:-1.5997e+020, mass:1.76949e+050
rx:-2.14153e+031, ry:7.78536e+030, vx:-2.14153e+020, vy:7.78536e+019, mass:1.50533e+048
rx:-1.33143e+031, ry:-6.08599e+028, vx:-1.33143e+020, vy:-6.08599e+017, mass:1.82789e+050
rx:-8.90368e+030, ry:-8.86186e+030, vx:-8.90368e+019, vy:-8.86186e+019, mass:1.803e+050
rx:-3.69014e+030, ry:-1.5545e+031, vx:-3.69014e+019, vy:-1.5545e+020, mass:4.53967e+049
rx:-6.3536e+030, ry:8.46748e+030, vx:-6.3536e+019, vy:8.46748e+019, mass:6.59554e+049
rx:-2.99099e+031, ry:2.59488e+031, vx:-2.99099e+020, vy:2.59488e+020, mass:1.28657e+050
rx:1.12386e+031, ry:-1.37751e+031, vx:1.12386e+020, vy:-1.37751e+020, mass:7.29722e+049
rx:-6.6739e+029, ry:4.27557e+030, vx:-6.6739e+018, vy:4.27557e+019, mass:2.38243e+049
rx:-2.74722e+030, ry:6.47317e+030, vx:-2.74722e+019, vy:6.47317e+019, mass:1.86995e+050
rx:-1.24928e+032, ry:-2.22812e+031, vx:-1.24928e+021, vy:-2.22812e+020, mass:8.86204e+049
rx:3.21435e+031, ry:4.92725e+031, vx:3.21435e+020, vy:4.92725e+020, mass:1.24117e+050
rx:-1.68197e+031, ry:-2.4209e+031, vx:-1.68197e+020, vy:-2.4209e+020, mass:2.77697e+049
rx:4.40512e+031, ry:5.36206e+030, vx:4.40512e+020, vy:5.36206e+019, mass:1.11668e+050
rx:8.40534e+030, ry:4.21008e+030, vx:8.40534e+019, vy:4.21008e+019, mass:8.4074e+049
rx:-4.2476e+031, ry:-6.74386e+031, vx:-4.2476e+020, vy:-6.74386e+020, mass:1.02733e+050
rx:-8.84988e+030, ry:-8.37904e+030, vx:-8.84988e+019, vy:-8.37904e+019, mass:6.64046e+049
rx:-3.79693e+030, ry:8.32532e+030, vx:-3.79693e+019, vy:8.32532e+019, mass:1.00457e+049
rx:4.34764e+030, ry:-3.42043e+031, vx:4.34764e+019, vy:-3.42043e+020, mass:1.92743e+050
rx:1.90026e+031, ry:-2.09499e+031, vx:1.90026e+020, vy:-2.09499e+020, mass:1.63559e+050
rx:1.26264e+031, ry:1.53291e+030, vx:1.26264e+020, vy:1.53291e+019, mass:1.67911e+050
rx:1.75655e+031, ry:1.57586e+031, vx:1.75655e+020, vy:1.57586e+020, mass:2.8832e+048
rx:-2.20454e+029, ry:-1.93058e+031, vx:-2.20454e+018, vy:-1.93058e+020, mass:7.62985e+049
rx:-1.46333e+031, ry:-2.92357e+030, vx:-1.46333e+020, vy:-2.92357e+019, mass:1.75796e+050
rx:1.94205e+031, ry:-5.2419e+030, vx:1.94205e+020, vy:-5.2419e+019, mass:1.06035e+050
rx:-1.75375e+031, ry:4.62435e+030, vx:-1.75375e+020, vy:4.62435e+019, mass:8.69997e+049
rx:1.67239e+031, ry:-1.72886e+032, vx:1.67239e+020, vy:-1.72886e+021, mass:9.91577e+049
rx:3.35017e+030, ry:-2.16972e+031, vx:3.35017e+019, vy:-2.16972e+020, mass:4.63497e+049
rx:1.11876e+031, ry:1.69003e+031, vx:1.11876e+020, vy:1.69003e+020, mass:1.21088e+050
rx:-1.34758e+031, ry:3.29879e+030, vx:-1.34758e+020, vy:3.29879e+019, mass:6.07232e+049
rx:5.7667e+030, ry:-1.29238e+030, vx:5.7667e+019, vy:-1.29238e+019, mass:6.05168e+049
rx:8.11471e+030, ry:1.28231e+031, vx:8.11471e+019, vy:1.28231e+020, mass:4.30052e+049
rx:5.8742e+032, ry:-5.88552e+031, vx:5.8742e+021, vy:-5.88552e+020, mass:4.97367e+049
rx:-5.30811e+030, ry:1.89511e+030, vx:-5.30811e+019, vy:1.89511e+019, mass:4.59612e+049
rx:-3.87587e+029, ry:-8.05535e+030, vx:-3.87587e+018, vy:-8.05535e+019, mass:1.14229e+050
rx:9.05259e+031, ry:6.91774e+031, vx:9.05259e+020, vy:6.91774e+020, mass:1.23152e+050
rx:-1.93907e+032, ry:6.91245e+031, vx:-1.93907e+021, vy:6.91245e+020, mass:4.60401e+049
rx:-1.45184e+030, ry:1.63871e+031, vx:-1.45184e+019, vy:1.63871e+020, mass:1.58363e+049
rx:-1.20259e+030, ry:-1.0146e+031, vx:-1.20259e+019, vy:-1.0146e+020, mass:9.75674e+049
rx:-1.15817e+032, ry:5.15757e+032, vx:-1.15817e+021, vy:5.15757e+021, mass:5.8107e+049
rx:2.30255e+030, ry:-4.70415e+030, vx:2.30255e+019, vy:-4.70415e+019, mass:1.09064e+050
rx:9.15735e+030, ry:2.4522e+031, vx:9.15735e+019, vy:2.4522e+020, mass:1.17914e+050
rx:1.83647e+031, ry:1.24696e+030, vx:1.83647e+020, vy:1.24696e+019, mass:5.32875e+049
rx:-1.99197e+031, ry:-6.43869e+031, vx:-1.99197e+020, vy:-6.43869e+020, mass:1.54121e+050
rx:-1.12864e+031, ry:-8.90702e+030, vx:-1.12864e+020, vy:-8.90702e+019, mass:8.27933e+048
rx:2.15109e+031, ry:1.74302e+031, vx:2.15109e+020, vy:1.74302e+020, mass:2.87713e+048
rx:-2.74787e+030, ry:-4.83829e+031, vx:-2.74787e+019, vy:-4.83829e+020, mass:1.55067e+050
rx:-7.54125e+030, ry:-9.64804e+030, vx:-7.54125e+019, vy:-9.64804e+019, mass:1.8328e+050
rx:6.07573e+030, ry:-4.32011e+030, vx:6.07573e+019, vy:-4.32011e+019, mass:4.5767e+048
rx:-3.74974e+030, ry:-1.23358e+031, vx:-3.74974e+019, vy:-1.23358e+020, mass:1.42272e+050
rx:-1.42077e+029, ry:-2.00323e+031, vx:-1.42077e+018, vy:-2.00323e+020, mass:3.6219e+049
rx:-2.24102e+030, ry:-1.04077e+031, vx:-2.24102e+019, vy:-1.04077e+020, mass:1.04542e+050
rx:-1.79264e+031, ry:-6.16573e+029, vx:-1.79264e+020, vy:-6.16573e+018, mass:1.78977e+050
rx:8.14515e+030, ry:-1.14552e+031, vx:8.14515e+019, vy:-1.14552e+020, mass:1.62709e+050
rx:-1.11342e+031, ry:1.47983e+031, vx:-1.11342e+020, vy:1.47983e+020, mass:1.07388e+050
rx:1.44388e+031, ry:1.95085e+031, vx:1.44388e+020, vy:1.95085e+020, mass:1.88009e+050
rx:-6.61042e+030, ry:-3.01395e+030, vx:-6.61042e+019, vy:-3.01395e+019, mass:1.59165e+050
rx:1.05766e+031, ry:-4.75621e+030, vx:1.05766e+020, vy:-4.75621e+019, mass:1.63571e+050
rx:-4.12373e+032, ry:-1.35326e+033, vx:-4.12373e+021, vy:-1.35326e+022, mass:8.96887e+049
rx:3.45506e+030, ry:-4.6641e+029, vx:3.45506e+019, vy:-4.6641e+018, mass:1.44803e+050
rx:1.45838e+031, ry:-8.13562e+030, vx:1.45838e+020, vy:-8.13562e+019, mass:3.93693e+049
rx:1.57954e+031, ry:3.2472e+030, vx:1.57954e+020, vy:3.2472e+019, mass:4.57305e+049
rx:-3.01579e+030, ry:-4.13399e+030, vx:-3.01579e+019, vy:-4.13399e+019, mass:1.33483e+050
rx:2.38114e+031, ry:-5.56128e+030, vx:2.38114e+020, vy:-5.56128e+019, mass:4.6902e+049
rx:1.29726e+031, ry:3.15257e+030, vx:1.29726e+020, vy:3.15257e+019, mass:1.06903e+050
rx:9.17088e+029, ry:-3.52725e+030, vx:9.17088e+018, vy:-3.52725e+019, mass:3.36575e+049
rx:-1.28839e+031, ry:-1.56645e+030, vx:-1.28839e+020, vy:-1.56645e+019, mass:1.47116e+050
rx:5.14991e+030, ry:-3.13546e+031, vx:5.14991e+019, vy:-3.13546e+020, mass:5.37185e+049
rx:-3.56387e+031, ry:-8.6288e+030, vx:-3.56387e+020, vy:-8.6288e+019, mass:1.70861e+050
rx:-1.84488e+030, ry:-1.79612e+031, vx:-1.84488e+019, vy:-1.79612e+020, mass:4.13359e+048
rx:-4.20148e+030, ry:4.85622e+029, vx:-4.20148e+019, vy:4.85622e+018, mass:1.20141e+050
rx:1.51933e+030, ry:-8.43038e+029, vx:1.51933e+019, vy:-8.43038e+018, mass:1.38576e+050
rx:2.31477e+031, ry:-8.17667e+030, vx:2.31477e+020, vy:-8.17667e+019, mass:8.42318e+049
rx:1.17237e+031, ry:-1.89086e+031, vx:1.17237e+020, vy:-1.89086e+020, mass:8.38251e+048
rx:-2.23321e+031, ry:7.51497e+030, vx:-2.23321e+020, vy:7.51497e+019, mass:4.86987e+049
rx:1.78092e+031, ry:-1.55583e+031, vx:1.78092e+020, vy:-1.55583e+020, mass:1.41246e+049
rx:-7.57586e+030, ry:2.23665e+031, vx:-7.57586e+019, vy:2.23665e+020, mass:6.71208e+049
rx:-1.04957e+031, ry:-7.18822e+030, vx:-1.04957e+020, vy:-7.18822e+019, mass:1.97441e+050
rx:3.12496e+030, ry:4.46782e+031, vx:3.12496e+019, vy:4.46782e+020, mass:5.98491e+049
rx:-1.25954e+031, ry:-2.36066e+031, vx:-1.25954e+020, vy:-2.36066e+020, mass:5.22617e+049
rx:-7.92795e+030, ry:1.73445e+030, vx:-7.92795e+019, vy:1.73445e+019, mass:3.54542e+049
rx:1.07337e+031, ry:3.12813e+031, vx:1.07337e+020, vy:3.12813e+020, mass:1.50928e+050
rx:-5.52356e+030, ry:-9.42042e+030, vx:-5.52356e+019, vy:-9.42042e+019, mass:1.3809e+050
rx:-1.20541e+031, ry:-2.73037e+030, vx:-1.20541e+020, vy:-2.73037e+019, mass:1.6152e+049
rx:9.1484e+030, ry:1.11862e+031, vx:9.1484e+019, vy:1.11862e+020, mass:1.23085e+050
rx:-1.46823e+031, ry:1.28943e+030, vx:-1.46823e+020, vy:1.28943e+019, mass:1.94692e+050
rx:-4.23341e+029, ry:-1.23514e+031, vx:-4.23341e+018, vy:-1.23514e+020, mass:5.07443e+049
rx:-1.22945e+031, ry:1.99257e+031, vx:-1.22945e+020, vy:1.99257e+020, mass:1.79013e+050
rx:-2.31231e+031, ry:-5.2515e+030, vx:-2.31231e+020, vy:-5.2515e+019, mass:1.05313e+049
rx:9.45455e+030, ry:-7.24892e+030, vx:9.45455e+019, vy:-7.24892e+019, mass:1.32882e+050
rx:1.01102e+031, ry:-1.24054e+031, vx:1.01102e+020, vy:-1.24054e+020, mass:6.90085e+049
rx:8.74932e+030, ry:-9.47101e+030, vx:8.74932e+019, vy:-9.47101e+019, mass:5.61586e+049
rx:-1.40738e+031, ry:1.17519e+031, vx:-1.40738e+020, vy:1.17519e+020, mass:4.37517e+049
rx:-6.98564e+031, ry:3.88374e+031, vx:-6.98564e+020, vy:3.88374e+020, mass:1.67826e+050
rx:6.33264e+030, ry:-4.01815e+030, vx:6.33264e+019, vy:-4.01815e+019, mass:9.77252e+049
rx:5.45149e+030, ry:3.9761e+031, vx:5.45149e+019, vy:3.9761e+020, mass:1.20493e+050
rx:-8.60358e+030, ry:1.14335e+031, vx:-8.60358e+019, vy:1.14335e+020, mass:1.65101e+050
rx:1.24684e+031, ry:7.02306e+030, vx:1.24684e+020, vy:7.02306e+019, mass:2.98578e+049
rx:3.92928e+031, ry:-5.23702e+030, vx:3.92928e+020, vy:-5.23702e+019, mass:1.97538e+050
rx:-1.47278e+031, ry:-4.44174e+030, vx:-1.47278e+020, vy:-4.44174e+019, mass:1.36724e+050
rx:2.23739e+032, ry:-1.0648e+032, vx:2.23739e+021, vy:-1.0648e+021, mass:3.75908e+049
rx:-1.51614e+031, ry:3.2425e+031, vx:-1.51614e+020, vy:3.2425e+020, mass:9.61106e+049
rx:5.10013e+030, ry:-6.9698e+030, vx:5.10013e+019, vy:-6.9698e+019, mass:1.12469e+050
rx:-8.74158e+031, ry:-2.11514e+031, vx:-8.74158e+020, vy:-2.11514e+020, mass:8.12879e+049
rx:-2.29275e+031, ry:-2.23863e+029, vx:-2.29275e+020, vy:-2.23863e+018, mass:1.63759e+050
rx:7.25246e+030, ry:-5.1526e+029, vx:7.25246e+019, vy:-5.1526e+018, mass:1.22569e+050
rx:-4.71223e+030, ry:1.24035e+030, vx:-4.71223e+019, vy:1.24035e+019, mass:1.89842e+050
rx:-1.08057e+031, ry:1.00592e+032, vx:-1.08057e+020, vy:1.00592e+021, mass:6.77339e+049
rx:-3.13127e+031, ry:2.68683e+030, vx:-3.13127e+020, vy:2.68683e+019, mass:2.0935e+049
rx:-1.51119e+030, ry:-5.67769e+030, vx:-1.51119e+019, vy:-5.67769e+019, mass:1.63936e+050
rx:2.30185e+030, ry:3.90178e+028, vx:2.30185e+019, vy:3.90178e+017, mass:1.12311e+050
rx:8.75377e+029, ry:1.61013e+031, vx:8.75377e+018, vy:1.61013e+020, mass:7.32878e+049
rx:-2.22817e+031, ry:-7.78676e+030, vx:-2.22817e+020, vy:-7.78676e+019, mass:1.74576e+050
rx:-8.57596e+030, ry:2.11611e+029, vx:-8.57596e+019, vy:2.11611e+018, mass:1.01264e+050
rx:-1.70134e+030, ry:-6.63792e+029, vx:-1.70134e+019, vy:-6.63792e+018, mass:1.66376e+049
rx:-4.01525e+030, ry:-8.84362e+029, vx:-4.01525e+019, vy:-8.84362e+018, mass:6.31025e+049
rx:-5.80932e+031, ry:1.84285e+031, vx:-5.80932e+020, vy:1.84285e+020, mass:1.57756e+049
rx:-2.53594e+030, ry:-1.6196e+031, vx:-2.53594e+019, vy:-1.6196e+020, mass:1.64081e+050
rx:-4.82036e+029, ry:1.75658e+031, vx:-4.82036e+018, vy:1.75658e+020, mass:2.13478e+049
rx:-1.20132e+031, ry:9.41561e+030, vx:-1.20132e+020, vy:9.41561e+019, mass:1.14612e+050
rx:5.05166e+030, ry:-5.85204e+030, vx:5.05166e+019, vy:-5.85204e+019, mass:7.3476e+049
rx:-6.28592e+030, ry:-8.27806e+030, vx:-6.28592e+019, vy:-8.27806e+019, mass:6.0189e+049
rx:-1.06221e+031, ry:-7.52869e+030, vx:-1.06221e+020, vy:-7.52869e+019, mass:1.52099e+050
rx:3.85712e+031, ry:-5.94612e+031, vx:3.85712e+020, vy:-5.94612e+020, mass:1.44032e+050
rx:-1.6734e+030, ry:-7.62347e+030, vx:-1.6734e+019, vy:-7.62347e+019, mass:1.49781e+050
rx:3.0533e+030, ry:5.89066e+030, vx:3.0533e+019, vy:5.89066e+019, mass:9.44778e+049
rx:-6.83949e+031, ry:2.75875e+031, vx:-6.83949e+020, vy:2.75875e+020, mass:6.82437e+049
rx:1.35814e+031, ry:-5.6198e+030, vx:1.35814e+020, vy:-5.6198e+019, mass:3.06833e+049
rx:-1.02279e+030, ry:-1.00848e+031, vx:-1.02279e+019, vy:-1.00848e+020, mass:4.09596e+049
rx:-1.82819e+031, ry:2.11129e+031, vx:-1.82819e+020, vy:2.11129e+020, mass:9.98254e+049
rx:2.25637e+031, ry:9.36294e+030, vx:2.25637e+020, vy:9.36294e+019, mass:1.81587e+050
rx:-7.85028e+030, ry:1.25858e+031, vx:-7.85028e+019, vy:1.25858e+020, mass:1.39073e+050
rx:7.27119e+030, ry:-6.41882e+030, vx:7.27119e+019, vy:-6.41882e+019, mass:5.95759e+049
rx:4.69703e+030, ry:-4.14432e+030, vx:4.69703e+019, vy:-4.14432e+019, mass:1.58133e+050
rx:-2.67959e+031, ry:-2.91165e+031, vx:-2.67959e+020, vy:-2.91165e+020, mass:1.89538e+050
rx:-2.32744e+031, ry:-2.48528e+031, vx:-2.32744e+020, vy:-2.48528e+020, mass:5.09506e+049
rx:4.17689e+031, ry:2.24515e+031, vx:4.17689e+020, vy:2.24515e+020, mass:1.64282e+050
rx:-2.45914e+031, ry:-9.81625e+030, vx:-2.45914e+020, vy:-9.81625e+019, mass:1.27941e+050
rx:-1.17496e+031, ry:3.34441e+031, vx:-1.17496e+020, vy:3.34441e+020, mass:1.93915e+050
rx:-5.70403e+030, ry:-1.68802e+031, vx:-5.70403e+019, vy:-1.68802e+020, mass:8.18767e+049
rx:1.70399e+030, ry:-1.7763e+030, vx:1.70399e+019, vy:-1.7763e+019, mass:8.4159e+049
rx:3.59865e+030, ry:7.49651e+029, vx:3.59865e+019, vy:7.49651e+018, mass:1.66509e+050
rx:-9.62947e+028, ry:-3.11278e+031, vx:-9.62947e+017, vy:-3.11278e+020, mass:2.96332e+049
rx:-2.58565e+030, ry:8.29772e+030, vx:-2.58565e+019, vy:8.29772e+019, mass:1.32748e+049
rx:-1.1693e+031, ry:-5.70785e+030, vx:-1.1693e+020, vy:-5.70785e+019, mass:3.96849e+049
rx:5.61172e+030, ry:-1.75315e+030, vx:5.61172e+019, vy:-1.75315e+019, mass:5.85501e+049
rx:1.18885e+031, ry:1.14016e+031, vx:1.18885e+020, vy:1.14016e+020, mass:1.84658e+050
rx:4.334e+030, ry:-1.78575e+031, vx:4.334e+019, vy:-1.78575e+020, mass:1.23097e+049
rx:8.61027e+030, ry:-4.824e+030, vx:8.61027e+019, vy:-4.824e+019, mass:7.14851e+049
rx:5.42909e+030, ry:-1.85763e+031, vx:5.42909e+019, vy:-1.85763e+020, mass:1.36154e+050
rx:1.44753e+031, ry:-8.65916e+030, vx:1.44753e+020, vy:-8.65916e+019, mass:1.34181e+050
rx:-4.7651e+030, ry:-9.40879e+030, vx:-4.7651e+019, vy:-9.40879e+019, mass:1.59523e+050
rx:-6.09323e+031, ry:1.03176e+031, vx:-6.09323e+020, vy:1.03176e+020, mass:1.6464e+050
rx:-4.14313e+031, ry:2.5918e+030, vx:-4.14313e+020, vy:2.5918e+019, mass:1.0768e+049
rx:9.08718e+030, ry:7.92548e+030, vx:9.08718e+019, vy:7.92548e+019, mass:5.61647e+049
rx:-3.99941e+030, ry:4.09592e+030, vx:-3.99941e+019, vy:4.09592e+019, mass:1.75347e+050
rx:-1.7569e+031, ry:-2.29408e+031, vx:-1.7569e+020, vy:-2.29408e+020, mass:1.74084e+050
rx:9.71911e+030, ry:-6.92639e+029, vx:9.71911e+019, vy:-6.92639e+018, mass:8.98404e+049
rx:4.88612e+030, ry:-4.20677e+029, vx:4.88612e+019, vy:-4.20677e+018, mass:1.6002e+050
rx:-2.05978e+031, ry:-2.20265e+031, vx:-2.05978e+020, vy:-2.20265e+020, mass:1.41095e+050
rx:-5.90819e+030, ry:9.25546e+030, vx:-5.90819e+019, vy:9.25546e+019, mass:1.4782e+050
rx:-1.08284e+031, ry:-3.3567e+030, vx:-1.08284e+020, vy:-3.3567e+019, mass:1.09926e+050
rx:-4.37817e+031, ry:4.01679e+031, vx:-4.37817e+020, vy:4.01679e+020, mass:1.53507e+049
rx:-7.03246e+030, ry:-9.19646e+030, vx:-7.03246e+019, vy:-9.19646e+019, mass:2.65922e+049
rx:1.60361e+031, ry:-1.71468e+030, vx:1.60361e+020, vy:-1.71468e+019, mass:5.34454e+049
rx:2.75687e+030, ry:2.91566e+031, vx:2.75687e+019, vy:2.91566e+020, mass:5.65713e+049
rx:1.03723e+031, ry:-2.74855e+030, vx:1.03723e+020, vy:-2.74855e+019, mass:6.85472e+049
rx:-1.65176e+030, ry:6.55288e+030, vx:-1.65176e+019, vy:6.55288e+019, mass:1.33902e+049
rx:-1.56365e+031, ry:4.59227e+030, vx:-1.56365e+020, vy:4.59227e+019, mass:1.01349e+050
rx:1.01774e+032, ry:9.81185e+031, vx:1.01774e+021, vy:9.81185e+020, mass:8.97615e+049
rx:2.61024e+031, ry:3.27743e+030, vx:2.61024e+020, vy:3.27743e+019, mass:1.75893e+050
rx:-3.16804e+030, ry:1.8382e+031, vx:-3.16804e+019, vy:1.8382e+020, mass:2.23615e+049
rx:-1.94206e+030, ry:-8.40472e+030, vx:-1.94206e+019, vy:-8.40472e+019, mass:7.34274e+049
rx:4.1633e+031, ry:9.09169e+029, vx:4.1633e+020, vy:9.09169e+018, mass:7.15336e+049
rx:-2.35789e+030, ry:2.09577e+029, vx:-2.35789e+019, vy:2.09577e+018, mass:1.25707e+050
rx:2.40139e+029, ry:-3.28008e+030, vx:2.40139e+018, vy:-3.28008e+019, mass:3.69353e+049
rx:-1.16694e+031, ry:-5.04836e+030, vx:-1.16694e+020, vy:-5.04836e+019, mass:4.41099e+049
rx:3.27742e+031, ry:1.85127e+031, vx:3.27742e+020, vy:1.85127e+020, mass:8.80559e+049
rx:1.2092e+031, ry:9.17939e+029, vx:1.2092e+020, vy:9.17939e+018, mass:1.60433e+050
rx:-9.11868e+029, ry:1.00056e+031, vx:-9.11868e+018, vy:1.00056e+020, mass:2.8486e+049
rx:-9.08494e+030, ry:6.04596e+031, vx:-9.08494e+019, vy:6.04596e+020, mass:1.06854e+050
rx:9.27136e+030, ry:-1.13172e+031, vx:9.27136e+019, vy:-1.13172e+020, mass:1.7616e+050
rx:-9.56153e+030, ry:-9.34318e+030, vx:-9.56153e+019, vy:-9.34318e+019, mass:1.06448e+050
rx:1.20388e+031, ry:2.42599e+029, vx:1.20388e+020, vy:2.42599e+018, mass:8.06627e+049
rx:8.7119e+030, ry:-3.95325e+030, vx:8.7119e+019, vy:-3.95325e+019, mass:1.00663e+050
rx:3.42895e+031, ry:3.98772e+031, vx:3.42895e+020, vy:3.98772e+020, mass:4.98763e+049
rx:-2.35321e+030, ry:7.13566e+029, vx:-2.35321e+019, vy:7.13566e+018, mass:9.50848e+049
rx:-1.00978e+031, ry:-1.41473e+030, vx:-1.00978e+020, vy:-1.41473e+019, mass:1.15904e+050
rx:3.74436e+031, ry:-2.33477e+032, vx:3.74436e+020, vy:-2.33477e+021, mass:1.32208e+050
rx:-6.81811e+030, ry:-5.94767e+030, vx:-6.81811e+019, vy:-5.94767e+019, mass:2.02916e+049
rx:1.19203e+031, ry:1.45674e+031, vx:1.19203e+020, vy:1.45674e+020, mass:9.02471e+049
rx:4.01268e+030, ry:-4.62095e+030, vx:4.01268e+019, vy:-4.62095e+019, mass:1.97332e+049
rx:2.33644e+031, ry:-3.13778e+031, vx:2.33644e+020, vy:-3.13778e+020, mass:1.03431e+050
rx:1.78262e+031, ry:9.01116e+030, vx:1.78262e+020, vy:9.01116e+019, mass:1.25422e+050
rx:8.17189e+030, ry:3.70197e+031, vx:8.17189e+019, vy:3.70197e+020, mass:1.27164e+049
rx:-4.44434e+029, ry:8.62282e+030, vx:-4.44434e+018, vy:8.62282e+019, mass:1.62885e+050
rx:8.08365e+030, ry:-1.52417e+030, vx:8.08365e+019, vy:-1.52417e+019, mass:3.47501e+049
rx:-8.47685e+030, ry:1.90841e+031, vx:-8.47685e+019, vy:1.90841e+020, mass:5.55759e+049
rx:-1.07855e+031, ry:4.15721e+030, vx:-1.07855e+020, vy:4.15721e+019, mass:6.33696e+049
rx:5.02252e+030, ry:1.66976e+031, vx:5.02252e+019, vy:1.66976e+020, mass:1.33307e+050
rx:-1.03533e+032, ry:5.86522e+031, vx:-1.03533e+021, vy:5.86522e+020, mass:1.89393e+050
rx:-1.47559e+031, ry:-5.31849e+031, vx:-1.47559e+020, vy:-5.31849e+020, mass:7.33e+049
rx:-1.18399e+031, ry:1.79845e+031, vx:-1.18399e+020, vy:1.79845e+020, mass:5.18733e+049
rx:-3.71116e+031, ry:1.22295e+031, vx:-3.71116e+020, vy:1.22295e+020, mass:5.39006e+049
rx:3.85371e+031, ry:-2.67078e+030, vx:3.85371e+020, vy:-2.67078e+019, mass:4.29141e+048
rx:2.17771e+031, ry:1.84515e+031, vx:2.17771e+020, vy:1.84515e+020, mass:1.43177e+050
rx:1.24276e+031, ry:5.59009e+030, vx:1.24276e+020, vy:5.59009e+019, mass:1.17732e+050
rx:1.02385e+030, ry:-1.62845e+031, vx:1.02385e+019, vy:-1.62845e+020, mass:1.10083e+050
rx:-3.89405e+030, ry:3.6086e+030, vx:-3.89405e+019, vy:3.6086e+019, mass:4.50386e+048
rx:-2.30382e+031, ry:-1.65446e+031, vx:-2.30382e+020, vy:-1.65446e+020, mass:5.61343e+049
rx:-1.31554e+031, ry:4.62576e+031, vx:-1.31554e+020, vy:4.62576e+020, mass:5.89629e+049
rx:6.05594e+030, ry:-1.20856e+031, vx:6.05594e+019, vy:-1.20856e+020, mass:7.74457e+049
rx:-7.17977e+030, ry:5.76409e+030, vx:-7.17977e+019, vy:5.76409e+019, mass:1.37422e+050
rx:1.09985e+031, ry:9.7892e+030, vx:1.09985e+020, vy:9.7892e+019, mass:1.50479e+050
rx:-1.19609e+032, ry:2.87706e+031, vx:-1.19609e+021, vy:2.87706e+020, mass:5.31297e+049
rx:1.36879e+030, ry:3.06906e+030, vx:1.36879e+019, vy:3.06906e+019, mass:4.27441e+049
rx:3.09774e+030, ry:-4.77173e+030, vx:3.09774e+019, vy:-4.77173e+019, mass:9.59892e+049
rx:1.42836e+031, ry:-4.30738e+030, vx:1.42836e+020, vy:-4.30738e+019, mass:4.38792e+049
rx:7.79074e+030, ry:3.30787e+030, vx:7.79074e+019, vy:3.30787e+019, mass:1.84949e+050
rx:5.897e+031, ry:-1.02769e+031, vx:5.897e+020, vy:-1.02769e+020, mass:1.30424e+050
rx:1.9312e+031, ry:1.47236e+031, vx:1.9312e+020, vy:1.47236e+020, mass:3.96971e+049
rx:-2.94284e+030, ry:-2.46549e+030, vx:-2.94284e+019, vy:-2.46549e+019, mass:1.49987e+050
rx:-3.15058e+030, ry:-7.83346e+030, vx:-3.15058e+019, vy:-7.83346e+019, mass:1.7281e+050
rx:-3.20245e+031, ry:-3.48103e+029, vx:-3.20245e+020, vy:-3.48103e+018, mass:3.02159e+049
rx:-9.2769e+030, ry:-2.99881e+030, vx:-9.2769e+019, vy:-2.99881e+019, mass:1.22217e+050
rx:5.76257e+029, ry:1.39522e+031, vx:5.76257e+018, vy:1.39522e+020, mass:1.26739e+049
rx:-2.34328e+030, ry:1.28332e+030, vx:-2.34328e+019, vy:1.28332e+019, mass:8.97736e+049
rx:1.10487e+031, ry:-2.68341e+030, vx:1.10487e+020, vy:-2.68341e+019, mass:1.15965e+050
rx:-1.69153e+031, ry:-3.31638e+030, vx:-1.69153e+020, vy:-3.31638e+019, mass:1.9023e+049
rx:8.95446e+030, ry:-3.89428e+030, vx:8.95446e+019, vy:-3.89428e+019, mass:2.15178e+049
rx:-1.56548e+029, ry:1.41515e+031, vx:-1.56548e+018, vy:1.41515e+020, mass:9.01014e+049
rx:-5.17655e+030, ry:-1.74203e+031, vx:-5.17655e+019, vy:-1.74203e+020, mass:1.77629e+050
rx:-1.30392e+029, ry:-8.6485e+030, vx:-1.30392e+018, vy:-8.6485e+019, mass:4.61554e+049
rx:1.97104e+031, ry:6.07477e+030, vx:1.97104e+020, vy:6.07477e+019, mass:1.43808e+050
rx:1.07992e+031, ry:5.25847e+030, vx:1.07992e+020, vy:5.25847e+019, mass:1.35741e+050
rx:-2.21458e+031, ry:-9.96425e+030, vx:-2.21458e+020, vy:-9.96425e+019, mass:1.42309e+050
rx:4.71005e+030, ry:-1.5611e+031, vx:4.71005e+019, vy:-1.5611e+020, mass:9.11818e+049
rx:1.30303e+031, ry:7.08553e+030, vx:1.30303e+020, vy:7.08553e+019, mass:4.88929e+049
rx:-2.37717e+030, ry:-9.09803e+030, vx:-2.37717e+019, vy:-9.09803e+019, mass:1.20682e+050
rx:-1.35354e+031, ry:4.54643e+030, vx:-1.35354e+020, vy:4.54643e+019, mass:1.98528e+050
rx:1.02658e+031, ry:-1.41318e+031, vx:1.02658e+020, vy:-1.41318e+020, mass:1.35298e+050
rx:2.83195e+031, ry:-4.50644e+030, vx:2.83195e+020, vy:-4.50644e+019, mass:2.80611e+049
rx:-1.54858e+031, ry:-1.28789e+031, vx:-1.54858e+020, vy:-1.28789e+020, mass:1.94121e+050
rx:-2.5118e+030, ry:8.05245e+030, vx:-2.5118e+019, vy:8.05245e+019, mass:1.25003e+050
rx:1.63695e+030, ry:5.18868e+030, vx:1.63695e+019, vy:5.18868e+019, mass:1.78728e+050
rx:5.54161e+031, ry:-3.96995e+031, vx:5.54161e+020, vy:-3.96995e+020, mass:1.24366e+050
rx:8.34748e+030, ry:7.95889e+028, vx:8.34748e+019, vy:7.95889e+017, mass:8.92091e+049
rx:5.22936e+030, ry:7.14152e+030, vx:5.22936e+019, vy:7.14152e+019, mass:1.15813e+049
rx:-9.97582e+031, ry:6.07669e+031, vx:-9.97582e+020, vy:6.07669e+020, mass:1.66145e+050
rx:3.45801e+030, ry:1.00221e+030, vx:3.45801e+019, vy:1.00221e+019, mass:5.80342e+049
rx:5.84755e+031, ry:1.38732e+032, vx:5.84755e+020, vy:1.38732e+021, mass:4.29445e+049
rx:3.53039e+030, ry:-6.58333e+030, vx:3.53039e+019, vy:-6.58333e+019, mass:1.84719e+050
rx:-4.52269e+030, ry:2.02603e+031, vx:-4.52269e+019, vy:2.02603e+020, mass:1.10976e+050
rx:2.44154e+031, ry:1.22067e+031, vx:2.44154e+020, vy:1.22067e+020, mass:1.46394e+050
rx:2.96087e+032, ry:9.7305e+032, vx:2.96087e+021, vy:9.7305e+021, mass:1.249e+050
rx:3.62991e+029, ry:-2.46052e+030, vx:3.62991e+018, vy:-2.46052e+019, mass:1.38363e+050
rx:-3.8624e+029, ry:-5.33763e+030, vx:-3.8624e+018, vy:-5.33763e+019, mass:2.08319e+049
rx:-9.17488e+030, ry:-1.90088e+030, vx:-9.17488e+019, vy:-1.90088e+019, mass:3.58548e+049
rx:-4.12796e+031, ry:1.20519e+032, vx:-4.12796e+020, vy:1.20519e+021, mass:1.62612e+050
rx:-2.07567e+031, ry:5.73887e+031, vx:-2.07567e+020, vy:5.73887e+020, mass:5.05561e+049
rx:-5.30964e+031, ry:-1.00934e+032, vx:-5.30964e+020, vy:-1.00934e+021, mass:2.1797e+049
rx:-5.0152e+030, ry:-1.28586e+031, vx:-5.0152e+019, vy:-1.28586e+020, mass:1.96604e+049
rx:4.08979e+030, ry:-1.32229e+031, vx:4.08979e+019, vy:-1.32229e+020, mass:6.48325e+049
rx:-1.37529e+031, ry:-2.65552e+030, vx:-1.37529e+020, vy:-2.65552e+019, mass:1.12165e+050
rx:-8.74267e+030, ry:-5.80338e+030, vx:-8.74267e+019, vy:-5.80338e+019, mass:8.49663e+049
rx:-1.4008e+030, ry:5.06548e+031, vx:-1.4008e+019, vy:5.06548e+020, mass:1.67656e+050
rx:5.92275e+030, ry:-3.52357e+031, vx:5.92275e+019, vy:-3.52357e+020, mass:1.44694e+050
rx:3.77461e+031, ry:-3.52946e+031, vx:3.77461e+020, vy:-3.52946e+020, mass:5.44955e+049
rx:-4.53154e+030, ry:-4.86741e+030, vx:-4.53154e+019, vy:-4.86741e+019, mass:1.5074e+050
rx:1.76655e+031, ry:-2.58722e+031, vx:1.76655e+020, vy:-2.58722e+020, mass:5.28505e+049
rx:-9.7304e+030, ry:2.40727e+031, vx:-9.7304e+019, vy:2.40727e+020, mass:5.06593e+049
rx:-1.29132e+030, ry:1.22672e+031, vx:-1.29132e+019, vy:1.22672e+020, mass:6.91967e+049
rx:1.07818e+031, ry:1.01193e+031, vx:1.07818e+020, vy:1.01193e+020, mass:5.42344e+049
rx:9.03976e+030, ry:1.40696e+031, vx:9.03976e+019, vy:1.40696e+020, mass:6.90875e+049
rx:2.43588e+031, ry:1.21207e+031, vx:2.43588e+020, vy:1.21207e+020, mass:8.42136e+049
rx:-1.51629e+031, ry:1.55571e+030, vx:-1.51629e+020, vy:1.55571e+019, mass:1.36973e+050
rx:-7.25211e+030, ry:-4.79174e+030, vx:-7.25211e+019, vy:-4.79174e+019, mass:4.74119e+049
rx:1.29821e+031, ry:-4.68134e+030, vx:1.29821e+020, vy:-4.68134e+019, mass:1.6308e+050
rx:2.83865e+029, ry:-1.35962e+031, vx:2.83865e+018, vy:-1.35962e+020, mass:1.30788e+050
rx:4.87417e+030, ry:6.47355e+030, vx:4.87417e+019, vy:6.47355e+019, mass:1.51887e+050
rx:7.93192e+030, ry:-1.68057e+032, vx:7.93192e+019, vy:-1.68057e+021, mass:1.27777e+050
rx:-2.75514e+030, ry:-1.07405e+031, vx:-2.75514e+019, vy:-1.07405e+020, mass:1.57617e+050
rx:-1.98121e+030, ry:-2.69562e+031, vx:-1.98121e+019, vy:-2.69562e+020, mass:1.81866e+050
rx:4.86588e+030, ry:-2.80374e+030, vx:4.86588e+019, vy:-2.80374e+019, mass:4.57123e+049
rx:-4.53987e+030, ry:-8.77398e+030, vx:-4.53987e+019, vy:-8.77398e+019, mass:1.62691e+050
rx:-1.15224e+031, ry:4.15541e+030, vx:-1.15224e+020, vy:4.15541e+019, mass:7.47749e+049
rx:-3.51785e+031, ry:3.77187e+031, vx:-3.51785e+020, vy:3.77187e+020, mass:6.15062e+049
rx:-7.57309e+030, ry:-3.39412e+030, vx:-7.57309e+019, vy:-3.39412e+019, mass:1.11079e+050
rx:4.09684e+030, ry:-1.30636e+031, vx:4.09684e+019, vy:-1.30636e+020, mass:1.36997e+049
rx:6.61281e+030, ry:-1.78139e+031, vx:6.61281e+019, vy:-1.78139e+020, mass:6.13241e+049
rx:-1.44456e+031, ry:-9.48392e+030, vx:-1.44456e+020, vy:-9.48392e+019, mass:1.47322e+050
rx:-4.44494e+029, ry:-1.66506e+031, vx:-4.44494e+018, vy:-1.66506e+020, mass:1.31358e+050
rx:-1.65932e+030, ry:1.2066e+031, vx:-1.65932e+019, vy:1.2066e+020, mass:5.8623e+049
rx:-1.26443e+031, ry:1.2937e+031, vx:-1.26443e+020, vy:1.2937e+020, mass:1.15267e+050
rx:-2.16752e+029, ry:-4.59615e+030, vx:-2.16752e+018, vy:-4.59615e+019, mass:1.02551e+050
rx:-2.59002e+030, ry:7.23757e+030, vx:-2.59002e+019, vy:7.23757e+019, mass:1.01622e+050
rx:3.36773e+031, ry:-6.21783e+030, vx:3.36773e+020, vy:-6.21783e+019, mass:1.22478e+050
rx:-2.25947e+031, ry:-2.21303e+030, vx:-2.25947e+020, vy:-2.21303e+019, mass:1.12111e+049
rx:-6.08436e+030, ry:-5.25833e+030, vx:-6.08436e+019, vy:-5.25833e+019, mass:1.93708e+050
rx:2.48678e+031, ry:2.66278e+031, vx:2.48678e+020, vy:2.66278e+020, mass:1.54084e+050
rx:3.83755e+030, ry:3.99916e+030, vx:3.83755e+019, vy:3.99916e+019, mass:1.98504e+050
rx:9.02633e+030, ry:-2.5101e+030, vx:9.02633e+019, vy:-2.5101e+019, mass:2.14206e+049
rx:5.60066e+030, ry:9.27314e+030, vx:5.60066e+019, vy:9.27314e+019, mass:2.26407e+049
rx:9.17888e+030, ry:-8.70136e+029, vx:9.17888e+019, vy:-8.70136e+018, mass:8.56947e+049
rx:3.94813e+030, ry:-3.9429e+030, vx:3.94813e+019, vy:-3.9429e+019, mass:1.74649e+050
rx:1.4671e+030, ry:1.36788e+031, vx:1.4671e+019, vy:1.36788e+020, mass:4.55909e+049
rx:-1.75716e+031, ry:-1.97841e+031, vx:-1.75716e+020, vy:-1.97841e+020, mass:4.31144e+049
rx:6.21711e+030, ry:-9.76839e+030, vx:6.21711e+019, vy:-9.76839e+019, mass:7.91695e+049
rx:8.99096e+030, ry:2.4317e+031, vx:8.99096e+019, vy:2.4317e+020, mass:1.56809e+050
rx:3.85724e+030, ry:-1.07963e+031, vx:3.85724e+019, vy:-1.07963e+020, mass:1.32997e+050
rx:9.9474e+031, ry:2.14946e+031, vx:9.9474e+020, vy:2.14946e+020, mass:9.39436e+049
rx:-2.74863e+030, ry:1.285e+031, vx:-2.74863e+019, vy:1.285e+020, mass:3.16848e+049
rx:1.23921e+032, ry:-7.14718e+031, vx:1.23921e+021, vy:-7.14718e+020, mass:1.95323e+050
rx:1.1318e+031, ry:-1.34437e+031, vx:1.1318e+020, vy:-1.34437e+020, mass:1.00882e+049
rx:-8.72366e+030, ry:1.20395e+031, vx:-8.72366e+019, vy:1.20395e+020, mass:1.20002e+050
rx:3.2588e+031, ry:1.78277e+031, vx:3.2588e+020, vy:1.78277e+020, mass:7.70026e+049
rx:1.09915e+031, ry:-2.95602e+030, vx:1.09915e+020, vy:-2.95602e+019, mass:1.14842e+049
rx:1.30292e+031, ry:-1.36812e+031, vx:1.30292e+020, vy:-1.36812e+020, mass:3.94543e+047
rx:6.47785e+030, ry:-3.67595e+030, vx:6.47785e+019, vy:-3.67595e+019, mass:9.76099e+049
rx:-5.82295e+030, ry:-4.03314e+029, vx:-5.82295e+019, vy:-4.03314e+018, mass:1.13088e+050
rx:1.56488e+031, ry:1.25783e+031, vx:1.56488e+020, vy:1.25783e+020, mass:1.16372e+050
rx:3.99358e+031, ry:-5.44771e+031, vx:3.99358e+020, vy:-5.44771e+020, mass:1.54345e+050
rx:1.76973e+031, ry:1.14413e+031, vx:1.76973e+020, vy:1.14413e+020, mass:1.58891e+050
rx:-1.61625e+031, ry:-1.53779e+028, vx:-1.61625e+020, vy:-1.53779e+017, mass:1.25301e+050
rx:2.63841e+031, ry:5.87433e+030, vx:2.63841e+020, vy:5.87433e+019, mass:1.45028e+050
rx:1.88054e+031, ry:-1.85736e+030, vx:1.88054e+020, vy:-1.85736e+019, mass:1.74704e+050
rx:4.61858e+031, ry:7.41081e+031, vx:4.61858e+020, vy:7.41081e+020, mass:1.19346e+050
rx:5.43731e+029, ry:1.53831e+031, vx:5.43731e+018, vy:1.53831e+020, mass:1.11826e+050
rx:-3.88658e+030, ry:1.43927e+030, vx:-3.88658e+019, vy:1.43927e+019, mass:1.74224e+050
rx:-5.46682e+030, ry:-1.43323e+031, vx:-5.46682e+019, vy:-1.43323e+020, mass:1.37538e+050
rx:9.81049e+029, ry:-7.53162e+030, vx:9.81049e+018, vy:-7.53162e+019, mass:1.9888e+050
rx:5.42042e+030, ry:-5.23362e+030, vx:5.42042e+019, vy:-5.23362e+019, mass:9.08662e+048
rx:-1.01685e+030, ry:1.1896e+031, vx:-1.01685e+019, vy:1.1896e+020, mass:5.11145e+049
rx:-1.59429e+031, ry:1.22572e+031, vx:-1.59429e+020, vy:1.22572e+020, mass:1.98546e+049
rx:-5.25572e+031, ry:7.32002e+031, vx:-5.25572e+020, vy:7.32002e+020, mass:1.5162e+050
rx:-4.05818e+031, ry:-6.68377e+031, vx:-4.05818e+020, vy:-6.68377e+020, mass:1.4938e+049
rx:-8.5057e+030, ry:-2.03551e+031, vx:-8.5057e+019, vy:-2.03551e+020, mass:1.14284e+050
rx:1.30024e+031, ry:-3.50123e+031, vx:1.30024e+020, vy:-3.50123e+020, mass:2.28228e+049
rx:-3.2752e+031, ry:3.82362e+030, vx:-3.2752e+020, vy:3.82362e+019, mass:1.85824e+050
rx:-9.19878e+030, ry:-2.13111e+031, vx:-9.19878e+019, vy:-2.13111e+020, mass:1.16305e+050
rx:-1.92259e+030, ry:4.79816e+030, vx:-1.92259e+019, vy:4.79816e+019, mass:1.24663e+050
rx:3.95494e+031, ry:-5.88162e+029, vx:3.95494e+020, vy:-5.88162e+018, mass:9.93701e+049
rx:-7.88426e+029, ry:-9.73259e+030, vx:-7.88426e+018, vy:-9.73259e+019, mass:9.36766e+049
rx:1.98846e+031, ry:4.76452e+030, vx:1.98846e+020, vy:4.76452e+019, mass:1.45738e+049
rx:-8.54781e+030, ry:-1.01487e+031, vx:-8.54781e+019, vy:-1.01487e+020, mass:1.85423e+050
rx:3.97528e+030, ry:1.47445e+030, vx:3.97528e+019, vy:1.47445e+019, mass:7.85019e+049
rx:2.07422e+031, ry:-8.14957e+030, vx:2.07422e+020, vy:-8.14957e+019, mass:1.71238e+050
rx:8.45384e+031, ry:6.54439e+031, vx:8.45384e+020, vy:6.54439e+020, mass:4.5512e+049
rx:-1.38648e+031, ry:5.45905e+031, vx:-1.38648e+020, vy:5.45905e+020, mass:7.0696e+049
rx:-4.56791e+030, ry:1.4388e+031, vx:-4.56791e+019, vy:1.4388e+020, mass:1.87408e+050
rx:1.3931e+030, ry:7.9786e+030, vx:1.3931e+019, vy:7.9786e+019, mass:1.49313e+050
rx:-3.46837e+030, ry:-4.38732e+030, vx:-3.46837e+019, vy:-4.38732e+019, mass:1.10193e+050
rx:-2.21827e+030, ry:-2.18547e+031, vx:-2.21827e+019, vy:-2.18547e+020, mass:1.45477e+050
rx:-5.72838e+029, ry:7.75355e+030, vx:-5.72838e+018, vy:7.75355e+019, mass:1.81283e+050
rx:-2.15021e+031, ry:5.2722e+031, vx:-2.15021e+020, vy:5.2722e+020, mass:1.1341e+050
rx:5.69862e+030, ry:-7.84864e+030, vx:5.69862e+019, vy:-7.84864e+019, mass:1.97083e+050
rx:-1.41173e+030, ry:3.47601e+031, vx:-1.41173e+019, vy:3.47601e+020, mass:9.76645e+049
rx:-1.23734e+031, ry:-3.7537e+030, vx:-1.23734e+020, vy:-3.7537e+019, mass:6.43347e+049
rx:8.52643e+029, ry:-1.19423e+031, vx:8.52643e+018, vy:-1.19423e+020, mass:3.13085e+049
rx:-9.13858e+030, ry:2.09532e+030, vx:-9.13858e+019, vy:2.09532e+019, mass:1.08584e+050
rx:-6.03594e+030, ry:-1.71075e+031, vx:-6.03594e+019, vy:-1.71075e+020, mass:5.68384e+049
rx:-9.61681e+030, ry:-2.68362e+031, vx:-9.61681e+019, vy:-2.68362e+020, mass:1.51929e+049
rx:2.78485e+030, ry:4.25107e+030, vx:2.78485e+019, vy:4.25107e+019, mass:7.62985e+049
rx:-4.65586e+030, ry:-8.33002e+030, vx:-4.65586e+019, vy:-8.33002e+019, mass:1.82012e+050
rx:-1.92643e+031, ry:-1.38897e+031, vx:-1.92643e+020, vy:-1.38897e+020, mass:1.21902e+050
rx:-6.62223e+030, ry:-2.92447e+031, vx:-6.62223e+019, vy:-2.92447e+020, mass:1.13422e+050
rx:-1.12312e+031, ry:-1.20728e+030, vx:-1.12312e+020, vy:-1.20728e+019, mass:1.54794e+050
rx:6.70773e+030, ry:1.44566e+031, vx:6.70773e+019, vy:1.44566e+020, mass:2.16391e+049
rx:-2.0253e+031, ry:-1.91136e+031, vx:-2.0253e+020, vy:-1.91136e+020, mass:8.75763e+049
rx:-2.27827e+031, ry:-1.48618e+031, vx:-2.27827e+020, vy:-1.48618e+020, mass:6.60586e+049
rx:-1.6207e+030, ry:3.66533e+030, vx:-1.6207e+019, vy:3.66533e+019, mass:3.06226e+049
rx:1.23779e+031, ry:7.69923e+030, vx:1.23779e+020, vy:7.69923e+019, mass:1.52961e+049
rx:-3.18686e+031, ry:-9.76572e+029, vx:-3.18686e+020, vy:-9.76572e+018, mass:1.65411e+050
rx:1.3903e+030, ry:-1.8266e+030, vx:1.3903e+019, vy:-1.8266e+019, mass:1.27474e+050
rx:5.70979e+031, ry:9.5262e+030, vx:5.70979e+020, vy:9.5262e+019, mass:4.60704e+049
rx:-1.75581e+031, ry:-9.4239e+030, vx:-1.75581e+020, vy:-9.4239e+019, mass:6.63742e+049
rx:-8.02168e+030, ry:-8.94905e+031, vx:-8.02168e+019, vy:-8.94905e+020, mass:1.13616e+050
rx:3.73841e+030, ry:-1.16104e+031, vx:3.73841e+019, vy:-1.16104e+020, mass:3.03373e+049
rx:1.40985e+031, ry:-5.24575e+029, vx:1.40985e+020, vy:-5.24575e+018, mass:5.27595e+049
rx:-6.91219e+030, ry:1.15352e+031, vx:-6.91219e+019, vy:1.15352e+020, mass:1.15953e+050
rx:1.27526e+030, ry:1.26986e+031, vx:1.27526e+019, vy:1.26986e+020, mass:1.56955e+050
rx:1.47758e+030, ry:-7.24461e+030, vx:1.47758e+019, vy:-7.24461e+019, mass:1.04396e+050
rx:1.06851e+031, ry:-1.43134e+029, vx:1.06851e+020, vy:-1.43134e+018, mass:1.327e+050
rx:1.57597e+031, ry:-3.94706e+029, vx:1.57597e+020, vy:-3.94706e+018, mass:6.82134e+049
rx:-2.17241e+031, ry:-9.51242e+030, vx:-2.17241e+020, vy:-9.51242e+019, mass:1.1656e+050
rx:9.35805e+029, ry:-5.49674e+030, vx:9.35805e+018, vy:-5.49674e+019, mass:8.50391e+048
rx:-2.3518e+032, ry:4.03829e+031, vx:-2.3518e+021, vy:4.03829e+020, mass:1.25865e+050
rx:1.46168e+031, ry:-1.36775e+031, vx:1.46168e+020, vy:-1.36775e+020, mass:1.13634e+050
rx:1.03186e+031, ry:-2.81757e+030, vx:1.03186e+020, vy:-2.81757e+019, mass:1.30958e+050
rx:2.29238e+030, ry:8.302e+030, vx:2.29238e+019, vy:8.302e+019, mass:4.83224e+049
rx:-3.50977e+030, ry:1.04095e+031, vx:-3.50977e+019, vy:1.04095e+020, mass:1.52324e+050
rx:-6.09685e+030, ry:-8.87962e+030, vx:-6.09685e+019, vy:-8.87962e+019, mass:5.77064e+049
rx:-1.34946e+031, ry:-5.05018e+030, vx:-1.34946e+020, vy:-5.05018e+019, mass:1.83669e+050
rx:-1.04854e+031, ry:-8.4732e+030, vx:-1.04854e+020, vy:-8.4732e+019, mass:1.07243e+050
rx:-8.16984e+030, ry:-1.2141e+031, vx:-8.16984e+019, vy:-1.2141e+020, mass:1.39856e+050
rx:3.63492e+030, ry:-4.90157e+031, vx:3.63492e+019, vy:-4.90157e+020, mass:4.19733e+049
rx:-3.47081e+033, ry:1.84438e+034, vx:-3.47081e+022, vy:1.84438e+023, mass:2.86195e+049
rx:-1.7944e+030, ry:-1.0969e+031, vx:-1.7944e+019, vy:-1.0969e+020, mass:1.68494e+050
rx:-1.52945e+031, ry:1.05439e+030, vx:-1.52945e+020, vy:1.05439e+019, mass:1.4714e+050
rx:-2.10841e+031, ry:-1.11866e+031, vx:-2.10841e+020, vy:-1.11866e+020, mass:7.16125e+049
rx:8.55774e+030, ry:-8.0725e+029, vx:8.55774e+019, vy:-8.0725e+018, mass:1.10065e+050
rx:2.46478e+030, ry:-1.01203e+031, vx:2.46478e+019, vy:-1.01203e+020, mass:4.16516e+049
rx:1.4231e+031, ry:-1.81061e+031, vx:1.4231e+020, vy:-1.81061e+020, mass:9.03078e+049
rx:-1.85132e+031, ry:5.29926e+031, vx:-1.85132e+020, vy:5.29926e+020, mass:1.39753e+050
rx:-1.95378e+031, ry:1.55236e+030, vx:-1.95378e+020, vy:1.55236e+019, mass:9.56918e+049
rx:-1.90432e+031, ry:-1.50656e+031, vx:-1.90432e+020, vy:-1.50656e+020, mass:8.36673e+049
rx:-5.28523e+031, ry:-1.54849e+031, vx:-5.28523e+020, vy:-1.54849e+020, mass:6.61071e+049
rx:-3.64248e+030, ry:-4.74494e+030, vx:-3.64248e+019, vy:-4.74494e+019, mass:1.529e+050
rx:3.42003e+029, ry:-6.29533e+031, vx:3.42003e+018, vy:-6.29533e+020, mass:1.94346e+050
rx:3.99226e+030, ry:1.294e+031, vx:3.99226e+019, vy:1.294e+020, mass:1.2975e+050
rx:-7.39497e+030, ry:5.46968e+030, vx:-7.39497e+019, vy:5.46968e+019, mass:7.84654e+049
rx:2.09998e+031, ry:1.29897e+031, vx:2.09998e+020, vy:1.29897e+020, mass:5.52481e+049
rx:-1.51987e+031, ry:-2.98265e+030, vx:-1.51987e+020, vy:-2.98265e+019, mass:8.69086e+049
rx:-7.73374e+030, ry:3.76355e+030, vx:-7.73374e+019, vy:3.76355e+019, mass:1.55146e+049
rx:1.83309e+030, ry:-1.77583e+031, vx:1.83309e+019, vy:-1.77583e+020, mass:1.62758e+050
rx:-2.88318e+031, ry:-5.09166e+030, vx:-2.88318e+020, vy:-5.09166e+019, mass:1.51869e+050
rx:-4.94254e+030, ry:-7.40624e+029, vx:-4.94254e+019, vy:-7.40624e+018, mass:4.5166e+049
rx:1.33716e+030, ry:-5.59776e+031, vx:1.33716e+019, vy:-5.59776e+020, mass:9.90666e+049
rx:1.88326e+031, ry:-1.47363e+031, vx:1.88326e+020, vy:-1.47363e+020, mass:1.12348e+050
rx:-1.73277e+030, ry:-2.15248e+031, vx:-1.73277e+019, vy:-2.15248e+020, mass:3.96546e+049
rx:-1.13909e+031, ry:-6.64697e+030, vx:-1.13909e+020, vy:-6.64697e+019, mass:6.15608e+049
rx:2.25091e+030, ry:-6.48241e+030, vx:2.25091e+019, vy:-6.48241e+019, mass:1.9193e+050
rx:-1.26264e+031, ry:-9.04696e+030, vx:-1.26264e+020, vy:-9.04696e+019, mass:6.85897e+047
rx:-8.2245e+030, ry:-1.29183e+031, vx:-8.2245e+019, vy:-1.29183e+020, mass:1.23917e+050
rx:-8.45172e+030, ry:4.96629e+029, vx:-8.45172e+019, vy:4.96629e+018, mass:1.72452e+050
rx:-5.16365e+030, ry:-1.10009e+031, vx:-5.16365e+019, vy:-1.10009e+020, mass:8.11544e+049
rx:3.38077e+031, ry:1.88908e+030, vx:3.38077e+020, vy:1.88908e+019, mass:1.06733e+050
rx:-1.69849e+031, ry:1.03291e+031, vx:-1.69849e+020, vy:1.03291e+020, mass:1.51492e+050
rx:-4.45408e+030, ry:-1.26776e+031, vx:-4.45408e+019, vy:-1.26776e+020, mass:1.84597e+050
rx:-1.44559e+032, ry:3.73875e+030, vx:-1.44559e+021, vy:3.73875e+019, mass:5.14241e+049
rx:3.58235e+030, ry:1.10877e+031, vx:3.58235e+019, vy:1.10877e+020, mass:4.47533e+049
rx:-2.8553e+030, ry:2.16331e+031, vx:-2.8553e+019, vy:2.16331e+020, mass:1.30673e+050
rx:-3.80449e+031, ry:-1.42179e+031, vx:-3.80449e+020, vy:-1.42179e+020, mass:1.9729e+050
rx:3.11335e+031, ry:-1.03128e+031, vx:3.11335e+020, vy:-1.03128e+020, mass:1.48773e+049
rx:-1.26248e+030, ry:9.61845e+030, vx:-1.26248e+019, vy:9.61845e+019, mass:8.20588e+049
rx:-3.6854e+029, ry:1.24128e+031, vx:-3.6854e+018, vy:1.24128e+020, mass:5.76943e+049
rx:2.69175e+030, ry:-6.75265e+030, vx:2.69175e+019, vy:-6.75265e+019, mass:1.2995e+050
rx:-7.37158e+030, ry:-1.02362e+030, vx:-7.37158e+019, vy:-1.02362e+019, mass:3.32084e+049
rx:-1.31245e+031, ry:3.55141e+030, vx:-1.31245e+020, vy:3.55141e+019, mass:6.98887e+049
rx:-9.2221e+030, ry:-6.88695e+029, vx:-9.2221e+019, vy:-6.88695e+018, mass:4.10689e+049
rx:2.21455e+031, ry:2.96869e+031, vx:2.21455e+020, vy:2.96869e+020, mass:4.53421e+049
rx:-2.53175e+029, ry:-6.34567e+030, vx:-2.53175e+018, vy:-6.34567e+019, mass:4.4207e+049
rx:-2.83762e+029, ry:-3.64652e+031, vx:-2.83762e+018, vy:-3.64652e+020, mass:1.64439e+050
rx:-1.507e+031, ry:1.08214e+031, vx:-1.507e+020, vy:1.08214e+020, mass:2.80975e+049
rx:-1.29248e+031, ry:1.57094e+030, vx:-1.29248e+020, vy:1.57094e+019, mass:7.49995e+049
rx:3.44473e+030, ry:1.23751e+031, vx:3.44473e+019, vy:1.23751e+020, mass:1.84925e+050
rx:-3.9305e+030, ry:1.62804e+031, vx:-3.9305e+019, vy:1.62804e+020, mass:1.55577e+050
rx:-5.42338e+030, ry:1.96244e+031, vx:-5.42338e+019, vy:1.96244e+020, mass:1.28062e+050
rx:7.27096e+030, ry:-6.0905e+030, vx:7.27096e+019, vy:-6.0905e+019, mass:1.4572e+050
rx:-2.49592e+030, ry:1.809e+031, vx:-2.49592e+019, vy:1.809e+020, mass:1.20439e+050
rx:-1.18764e+030, ry:-1.95502e+031, vx:-1.18764e+019, vy:-1.95502e+020, mass:1.87845e+050
rx:-1.25673e+031, ry:3.97481e+030, vx:-1.25673e+020, vy:3.97481e+019, mass:1.39868e+050
rx:4.20887e+031, ry:1.4203e+031, vx:4.20887e+020, vy:1.4203e+020, mass:1.03898e+050
rx:-1.5538e+031, ry:-6.37549e+030, vx:-1.5538e+020, vy:-6.37549e+019, mass:1.62624e+050
rx:-5.03429e+030, ry:1.31322e+031, vx:-5.03429e+019, vy:1.31322e+020, mass:8.91849e+049
rx:-2.47515e+031, ry:2.55427e+031, vx:-2.47515e+020, vy:2.55427e+020, mass:7.41255e+049
rx:8.82865e+030, ry:-4.84251e+030, vx:8.82865e+019, vy:-4.84251e+019, mass:3.87198e+049
rx:2.43774e+030, ry:5.52285e+030, vx:2.43774e+019, vy:5.52285e+019, mass:2.19123e+048
rx:-2.17654e+030, ry:-7.56156e+030, vx:-2.17654e+019, vy:-7.56156e+019, mass:9.19224e+049
rx:6.22489e+030, ry:1.15571e+031, vx:6.22489e+019, vy:1.15571e+020, mass:7.85808e+049
rx:-1.48648e+031, ry:6.93356e+030, vx:-1.48648e+020, vy:6.93356e+019, mass:8.67994e+048
rx:-1.49475e+029, ry:-1.30442e+031, vx:-1.49475e+018, vy:-1.30442e+020, mass:2.63797e+049
rx:-3.40431e+030, ry:-9.31571e+030, vx:-3.40431e+019, vy:-9.31571e+019, mass:1.61526e+050
rx:1.51612e+030, ry:-5.51025e+030, vx:1.51612e+019, vy:-5.51025e+019, mass:1.64634e+050
rx:-6.81045e+031, ry:5.73141e+030, vx:-6.81045e+020, vy:5.73141e+019, mass:1.6589e+050
rx:1.1287e+031, ry:1.14473e+031, vx:1.1287e+020, vy:1.14473e+020, mass:5.09871e+049
rx:1.35466e+031, ry:-3.06133e+030, vx:1.35466e+020, vy:-3.06133e+019, mass:1.20876e+050
rx:-2.17953e+031, ry:-2.28412e+031, vx:-2.17953e+020, vy:-2.28412e+020, mass:1.3273e+050
rx:-5.47717e+030, ry:1.1845e+031, vx:-5.47717e+019, vy:1.1845e+020, mass:8.48145e+049
rx:-5.77434e+030, ry:-2.6577e+030, vx:-5.77434e+019, vy:-2.6577e+019, mass:4.13724e+049
rx:-5.50684e+030, ry:1.057e+031, vx:-5.50684e+019, vy:1.057e+020, mass:1.72397e+050
rx:4.91622e+030, ry:-7.62062e+030, vx:4.91622e+019, vy:-7.62062e+019, mass:9.44899e+049
rx:-2.11316e+027, ry:-1.08209e+031, vx:-2.11316e+016, vy:-1.08209e+020, mass:7.99465e+049
rx:-9.44951e+030, ry:7.02405e+030, vx:-9.44951e+019, vy:7.02405e+019, mass:3.7864e+049
rx:4.68051e+029, ry:-6.65835e+030, vx:4.68051e+018, vy:-6.65835e+019, mass:2.78729e+049
rx:6.98129e+030, ry:1.01531e+031, vx:6.98129e+019, vy:1.01531e+020, mass:3.21704e+047
rx:-1.98958e+031, ry:-5.19445e+031, vx:-1.98958e+020, vy:-5.19445e+020, mass:1.36755e+050
rx:3.60375e+031, ry:-3.78222e+031, vx:3.60375e+020, vy:-3.78222e+020, mass:8.11969e+049
rx:4.01986e+031, ry:1.07308e+032, vx:4.01986e+020, vy:1.07308e+021, mass:2.72477e+049
rx:-6.66418e+030, ry:2.24134e+030, vx:-6.66418e+019, vy:2.24134e+019, mass:1.6152e+050
rx:4.76672e+030, ry:5.65718e+031, vx:4.76672e+019, vy:5.65718e+020, mass:3.59762e+049
rx:-4.56147e+030, ry:3.73966e+030, vx:-4.56147e+019, vy:3.73966e+019, mass:1.37884e+050
rx:-2.51106e+031, ry:1.63491e+031, vx:-2.51106e+020, vy:1.63491e+020, mass:6.95488e+049
rx:-3.05114e+031, ry:1.69652e+031, vx:-3.05114e+020, vy:1.69652e+020, mass:1.8118e+050
rx:9.91685e+030, ry:4.13291e+030, vx:9.91685e+019, vy:4.13291e+019, mass:7.46232e+049
rx:-1.04723e+031, ry:2.32032e+031, vx:-1.04723e+020, vy:2.32032e+020, mass:2.56696e+049
rx:-4.08942e+031, ry:-8.31007e+029, vx:-4.08942e+020, vy:-8.31007e+018, mass:1.35e+050
rx:1.08351e+031, ry:-1.59802e+031, vx:1.08351e+020, vy:-1.59802e+020, mass:7.3039e+049
rx:7.8082e+030, ry:-9.6961e+030, vx:7.8082e+019, vy:-9.6961e+019, mass:1.95821e+050
rx:-4.07179e+029, ry:-5.1015e+030, vx:-4.07179e+018, vy:-5.1015e+019, mass:1.34521e+050
rx:1.46336e+031, ry:-3.40255e+030, vx:1.46336e+020, vy:-3.40255e+019, mass:1.15146e+049
rx:-2.10885e+030, ry:1.74053e+031, vx:-2.10885e+019, vy:1.74053e+020, mass:1.86849e+050
rx:-2.14973e+031, ry:5.99906e+031, vx:-2.14973e+020, vy:5.99906e+020, mass:1.131e+050
rx:-2.65756e+031, ry:1.32669e+031, vx:-2.65756e+020, vy:1.32669e+020, mass:1.5863e+050
rx:2.18839e+031, ry:-3.08296e+029, vx:2.18839e+020, vy:-3.08296e+018, mass:1.57392e+049
rx:-1.0561e+031, ry:1.614e+031, vx:-1.0561e+020, vy:1.614e+020, mass:1.3931e+050
rx:-5.1716e+030, ry:-5.78106e+030, vx:-5.1716e+019, vy:-5.78106e+019, mass:3.14056e+049
rx:-6.55632e+030, ry:-4.15847e+030, vx:-6.55632e+019, vy:-4.15847e+019, mass:1.63583e+049
rx:7.6807e+030, ry:-1.71906e+031, vx:7.6807e+019, vy:-1.71906e+020, mass:1.22836e+050
rx:5.25468e+030, ry:-1.39408e+031, vx:5.25468e+019, vy:-1.39408e+020, mass:1.31777e+050
rx:4.094e+030, ry:-7.1273e+030, vx:4.094e+019, vy:-7.1273e+019, mass:1.74728e+050
rx:6.66857e+031, ry:5.24081e+030, vx:6.66857e+020, vy:5.24081e+019, mass:1.73411e+050
rx:-3.62913e+031, ry:-3.16965e+031, vx:-3.62913e+020, vy:-3.16965e+020, mass:9.08177e+049
rx:3.48501e+031, ry:-1.90186e+032, vx:3.48501e+020, vy:-1.90186e+021, mass:8.00861e+049
rx:-4.45678e+030, ry:1.06209e+029, vx:-4.45678e+019, vy:1.06209e+018, mass:1.148e+050
rx:-6.30036e+030, ry:-3.29814e+030, vx:-6.30036e+019, vy:-3.29814e+019, mass:1.75996e+050
rx:1.29621e+031, ry:2.36324e+030, vx:1.29621e+020, vy:2.36324e+019, mass:1.81544e+050
rx:-2.49143e+031, ry:6.93352e+030, vx:-2.49143e+020, vy:6.93352e+019, mass:1.36639e+050
rx:-1.27321e+031, ry:-6.53307e+030, vx:-1.27321e+020, vy:-6.53307e+019, mass:8.88207e+049
rx:8.3424e+030, ry:-1.03904e+031, vx:8.3424e+019, vy:-1.03904e+020, mass:1.67389e+050
rx:1.41286e+030, ry:-1.0935e+031, vx:1.41286e+019, vy:-1.0935e+020, mass:9.16553e+049
rx:3.34956e+031, ry:-3.70761e+031, vx:3.34956e+020, vy:-3.70761e+020, mass:1.91444e+049
rx:-1.31026e+031, ry:-2.68761e+031, vx:-1.31026e+020, vy:-2.68761e+020, mass:1.29258e+050
rx:-1.06654e+031, ry:9.80875e+029, vx:-1.06654e+020, vy:9.80875e+018, mass:1.77666e+049
rx:2.14312e+030, ry:1.8954e+031, vx:2.14312e+019, vy:1.8954e+020, mass:7.13455e+049
rx:-1.96318e+031, ry:-1.05662e+031, vx:-1.96318e+020, vy:-1.05662e+020, mass:1.29416e+050
rx:5.79148e+030, ry:8.37157e+030, vx:5.79148e+019, vy:8.37157e+019, mass:1.88167e+050
rx:-7.27002e+030, ry:2.79777e+030, vx:-7.27002e+019, vy:2.79777e+019, mass:4.52328e+049
rx:2.53721e+030, ry:-3.66113e+030, vx:2.53721e+019, vy:-3.66113e+019, mass:5.42284e+049
rx:-1.33112e+031, ry:-3.2199e+031, vx:-1.33112e+020, vy:-3.2199e+020, mass:8.64838e+049
rx:-1.20564e+031, ry:-5.11402e+030, vx:-1.20564e+020, vy:-5.11402e+019, mass:6.25927e+049
rx:-1.49365e+031, ry:-1.19096e+031, vx:-1.49365e+020, vy:-1.19096e+020, mass:1.45598e+050
rx:6.59851e+030, ry:1.33336e+031, vx:6.59851e+019, vy:1.33336e+020, mass:1.79402e+050
rx:-1.36463e+031, ry:5.258e+030, vx:-1.36463e+020, vy:5.258e+019, mass:4.43162e+049
rx:-5.68408e+030, ry:1.47709e+031, vx:-5.68408e+019, vy:1.47709e+020, mass:1.15595e+050
rx:6.91141e+030, ry:-6.7357e+030, vx:6.91141e+019, vy:-6.7357e+019, mass:1.15631e+050
rx:-4.62221e+030, ry:3.85139e+031, vx:-4.62221e+019, vy:3.85139e+020, mass:1.2019e+050
rx:9.40626e+030, ry:-1.9155e+031, vx:9.40626e+019, vy:-1.9155e+020, mass:2.05162e+049
rx:1.66708e+031, ry:-2.05452e+031, vx:1.66708e+020, vy:-2.05452e+020, mass:8.27326e+048
rx:-1.25396e+031, ry:-1.33205e+031, vx:-1.25396e+020, vy:-1.33205e+020, mass:1.75141e+050
rx:-1.12973e+031, ry:-1.5368e+031, vx:-1.12973e+020, vy:-1.5368e+020, mass:4.04254e+048
rx:7.12061e+031, ry:-5.12018e+031, vx:7.12061e+020, vy:-5.12018e+020, mass:2.06498e+049
rx:1.13938e+031, ry:-4.8605e+030, vx:1.13938e+020, vy:-4.8605e+019, mass:1.74327e+049
rx:4.44883e+030, ry:1.56277e+031, vx:4.44883e+019, vy:1.56277e+020, mass:9.68026e+049
rx:1.49155e+031, ry:-1.64072e+030, vx:1.49155e+020, vy:-1.64072e+019, mass:1.39049e+050
rx:3.72738e+031, ry:-1.16336e+031, vx:3.72738e+020, vy:-1.16336e+020, mass:1.62558e+050
rx:-2.0387e+031, ry:-8.42635e+030, vx:-2.0387e+020, vy:-8.42635e+019, mass:1.65441e+050
rx:1.14428e+030, ry:-7.91757e+030, vx:1.14428e+019, vy:-7.91757e+019, mass:1.26065e+050
rx:-3.50402e+030, ry:-3.85216e+030, vx:-3.50402e+019, vy:-3.85216e+019, mass:1.43759e+050
rx:4.69222e+030, ry:1.12756e+031, vx:4.69222e+019, vy:1.12756e+020, mass:5.05622e+048
rx:1.70457e+030, ry:8.05523e+030, vx:1.70457e+019, vy:8.05523e+019, mass:1.45641e+050
rx:-5.74488e+031, ry:-6.96058e+030, vx:-5.74488e+020, vy:-6.96058e+019, mass:1.10964e+050
rx:-2.55669e+030, ry:3.03364e+030, vx:-2.55669e+019, vy:3.03364e+019, mass:6.59918e+049
rx:-4.31299e+030, ry:5.01145e+029, vx:-4.31299e+019, vy:5.01145e+018, mass:6.45533e+049
rx:8.49961e+031, ry:1.35152e+031, vx:8.49961e+020, vy:1.35152e+020, mass:4.33208e+049
rx:-3.917e+030, ry:3.83844e+031, vx:-3.917e+019, vy:3.83844e+020, mass:2.42492e+049
rx:-2.32769e+032, ry:-1.41936e+032, vx:-2.32769e+021, vy:-1.41936e+021, mass:1.09325e+050
rx:-8.5698e+030, ry:1.53042e+031, vx:-8.5698e+019, vy:1.53042e+020, mass:1.49277e+050
rx:-1.9762e+031, ry:2.21569e+029, vx:-1.9762e+020, vy:2.21569e+018, mass:6.22649e+049
rx:-7.62485e+029, ry:-6.58177e+030, vx:-7.62485e+018, vy:-6.58177e+019, mass:8.76674e+049
rx:-9.68867e+030, ry:1.60478e+031, vx:-9.68867e+019, vy:1.60478e+020, mass:1.60755e+050
rx:-6.21888e+030, ry:-3.32727e+029, vx:-6.21888e+019, vy:-3.32727e+018, mass:8.02682e+049
rx:1.58151e+031, ry:-3.37586e+030, vx:1.58151e+020, vy:-3.37586e+019, mass:5.23649e+049
rx:-1.51588e+030, ry:1.17576e+030, vx:-1.51588e+019, vy:1.17576e+019, mass:1.00693e+050
rx:4.19851e+029, ry:7.17605e+031, vx:4.19851e+018, vy:7.17605e+020, mass:1.13865e+050
rx:-4.73739e+030, ry:9.78485e+031, vx:-4.73739e+019, vy:9.78485e+020, mass:1.45859e+049
rx:1.55245e+031, ry:-2.62429e+031, vx:1.55245e+020, vy:-2.62429e+020, mass:3.17152e+049
rx:-1.89472e+031, ry:4.9458e+030, vx:-1.89472e+020, vy:4.9458e+019, mass:1.6155e+050
rx:8.91744e+030, ry:1.07982e+031, vx:8.91744e+019, vy:1.07982e+020, mass:1.92057e+050
rx:5.50861e+030, ry:-1.06361e+031, vx:5.50861e+019, vy:-1.06361e+020, mass:1.71857e+050
rx:1.03452e+031, ry:-1.24926e+030, vx:1.03452e+020, vy:-1.24926e+019, mass:1.12032e+050
rx:-1.63541e+031, ry:-2.49753e+031, vx:-1.63541e+020, vy:-2.49753e+020, mass:1.94807e+050
rx:7.19293e+030, ry:2.33277e+030, vx:7.19293e+019, vy:2.33277e+019, mass:7.83683e+049
rx:-1.72525e+031, ry:3.97527e+031, vx:-1.72525e+020, vy:3.97527e+020, mass:1.62958e+050
rx:7.54489e+030, ry:-1.29948e+031, vx:7.54489e+019, vy:-1.29948e+020, mass:2.62644e+049
rx:1.84108e+032, ry:-4.3907e+031, vx:1.84108e+021, vy:-4.3907e+020, mass:7.57036e+049
rx:1.61611e+031, ry:-4.28757e+030, vx:1.61611e+020, vy:-4.28757e+019, mass:3.42706e+049
rx:-1.82133e+030, ry:1.92074e+031, vx:-1.82133e+019, vy:1.92074e+020, mass:1.08827e+050
rx:-4.8564e+031, ry:-2.4358e+030, vx:-4.8564e+020, vy:-2.4358e+019, mass:4.85166e+049
rx:-1.61854e+030, ry:2.25239e+031, vx:-1.61854e+019, vy:2.25239e+020, mass:1.52227e+050
rx:5.23461e+030, ry:4.51292e+030, vx:5.23461e+019, vy:4.51292e+019, mass:2.94997e+049
rx:6.70166e+030, ry:9.12498e+030, vx:6.70166e+019, vy:9.12498e+019, mass:1.68087e+050
rx:3.19895e+030, ry:2.01278e+029, vx:3.19895e+019, vy:2.01278e+018, mass:1.23844e+050
rx:-2.91095e+031, ry:4.09919e+030, vx:-2.91095e+020, vy:4.09919e+019, mass:1.76093e+050
rx:-6.86852e+031, ry:-8.19733e+031, vx:-6.86852e+020, vy:-8.19733e+020, mass:6.52392e+049
rx:-8.36764e+030, ry:5.81805e+030, vx:-8.36764e+019, vy:5.81805e+019, mass:6.46686e+049
rx:6.20492e+030, ry:-2.79726e+030, vx:6.20492e+019, vy:-2.79726e+019, mass:1.91487e+050
rx:2.75753e+031, ry:-3.04328e+031, vx:2.75753e+020, vy:-3.04328e+020, mass:2.36968e+049
rx:9.91651e+030, ry:4.14384e+030, vx:9.91651e+019, vy:4.14384e+019, mass:9.95765e+049
rx:2.02218e+031, ry:-1.71609e+030, vx:2.02218e+020, vy:-1.71609e+019, mass:7.69055e+048
rx:-1.49252e+031, ry:-1.15382e+031, vx:-1.49252e+020, vy:-1.15382e+020, mass:1.10266e+050
rx:-2.03753e+031, ry:5.69537e+030, vx:-2.03753e+020, vy:5.69537e+019, mass:1.93447e+049
rx:-9.46084e+030, ry:4.52133e+030, vx:-9.46084e+019, vy:4.52133e+019, mass:1.71772e+050
rx:4.33064e+031, ry:-4.67697e+031, vx:4.33064e+020, vy:-4.67697e+020, mass:2.02006e+049
rx:4.80768e+030, ry:-1.98466e+029, vx:4.80768e+019, vy:-1.98466e+018, mass:1.80688e+050
rx:-2.61481e+030, ry:-6.62406e+030, vx:-2.61481e+019, vy:-6.62406e+019, mass:6.50692e+049
rx:5.82064e+031, ry:-1.34161e+032, vx:5.82064e+020, vy:-1.34161e+021, mass:1.28797e+050
rx:2.11596e+030, ry:-1.02629e+031, vx:2.11596e+019, vy:-1.02629e+020, mass:6.3485e+049
rx:7.9408e+030, ry:-1.90905e+030, vx:7.9408e+019, vy:-1.90905e+019, mass:7.58918e+049
rx:-4.28318e+030, ry:5.13933e+029, vx:-4.28318e+019, vy:5.13933e+018, mass:1.62758e+050
rx:1.65557e+031, ry:-2.20143e+031, vx:1.65557e+020, vy:-2.20143e+020, mass:1.47438e+050
rx:-1.15742e+031, ry:-2.2978e+030, vx:-1.15742e+020, vy:-2.2978e+019, mass:1.61362e+050
rx:3.25856e+031, ry:-2.01633e+030, vx:3.25856e+020, vy:-2.01633e+019, mass:1.59322e+050
rx:-1.3675e+030, ry:-6.11008e+030, vx:-1.3675e+019, vy:-6.11008e+019, mass:1.40627e+050
rx:1.0956e+031, ry:2.15741e+031, vx:1.0956e+020, vy:2.15741e+020, mass:6.30176e+049
rx:8.49215e+030, ry:7.91113e+030, vx:8.49215e+019, vy:7.91113e+019, mass:1.26721e+050
rx:-1.03935e+031, ry:4.34074e+030, vx:-1.03935e+020, vy:4.34074e+019, mass:1.78637e+049
rx:-2.63182e+031, ry:2.68277e+031, vx:-2.63182e+020, vy:2.68277e+020, mass:1.75371e+050
rx:1.29443e+030, ry:-9.31463e+030, vx:1.29443e+019, vy:-9.31463e+019, mass:9.03806e+049
rx:-3.69524e+030, ry:1.01689e+031, vx:-3.69524e+019, vy:1.01689e+020, mass:8.36066e+049
rx:-2.85791e+030, ry:6.81222e+030, vx:-2.85791e+019, vy:6.81222e+019, mass:1.7735e+050
rx:1.37991e+030, ry:6.33929e+029, vx:1.37991e+019, vy:6.33929e+018, mass:1.20858e+050
rx:5.42008e+030, ry:-5.64257e+030, vx:5.42008e+019, vy:-5.64257e+019, mass:1.52652e+050
rx:1.05289e+030, ry:3.15557e+028, vx:1.05289e+019, vy:3.15557e+017, mass:1.93751e+050
rx:2.99874e+030, ry:2.09685e+031, vx:2.99874e+019, vy:2.09685e+020, mass:3.89747e+049
rx:3.91863e+030, ry:-8.80544e+030, vx:3.91863e+019, vy:-8.80544e+019, mass:3.02402e+049
rx:4.25666e+030, ry:8.11285e+030, vx:4.25666e+019, vy:8.11285e+019, mass:5.49932e+048
rx:-9.23999e+029, ry:2.33873e+031, vx:-9.23999e+018, vy:2.33873e+020, mass:1.84191e+050
rx:-1.24577e+031, ry:4.94245e+030, vx:-1.24577e+020, vy:4.94245e+019, mass:1.91505e+050
rx:2.15504e+029, ry:-1.97259e+030, vx:2.15504e+018, vy:-1.97259e+019, mass:8.13729e+049
rx:-1.02234e+031, ry:5.41638e+030, vx:-1.02234e+020, vy:5.41638e+019, mass:1.57089e+050
rx:-3.9141e+030, ry:2.71248e+031, vx:-3.9141e+019, vy:2.71248e+020, mass:6.82559e+049
rx:2.91552e+030, ry:-1.22043e+031, vx:2.91552e+019, vy:-1.22043e+020, mass:1.48797e+050
rx:-6.85913e+029, ry:-2.12188e+031, vx:-6.85913e+018, vy:-2.12188e+020, mass:1.04426e+050
rx:-6.21544e+031, ry:3.01559e+031, vx:-6.21544e+020, vy:3.01559e+020, mass:3.36879e+048
rx:-6.74345e+030, ry:-2.37888e+030, vx:-6.74345e+019, vy:-2.37888e+019, mass:7.10055e+049
rx:-3.42537e+030, ry:1.35332e+030, vx:-3.42537e+019, vy:1.35332e+019, mass:6.52998e+049
rx:-1.83427e+031, ry:3.00814e+031, vx:-1.83427e+020, vy:3.00814e+020, mass:1.03989e+050
rx:1.47609e+031, ry:3.05782e+031, vx:1.47609e+020, vy:3.05782e+020, mass:1.40287e+050
rx:2.05898e+031, ry:-2.59955e+030, vx:2.05898e+020, vy:-2.59955e+019, mass:1.56822e+050
rx:9.86306e+029, ry:-9.6919e+030, vx:9.86306e+018, vy:-9.6919e+019, mass:6.47657e+049
rx:-2.77087e+030, ry:2.74939e+031, vx:-2.77087e+019, vy:2.74939e+020, mass:1.84506e+050
rx:4.07988e+029, ry:7.06443e+030, vx:4.07988e+018, vy:7.06443e+019, mass:1.01325e+050
rx:-8.40102e+030, ry:1.19446e+031, vx:-8.40102e+019, vy:1.19446e+020, mass:1.53738e+050
rx:-5.67312e+031, ry:9.8816e+031, vx:-5.67312e+020, vy:9.8816e+020, mass:1.65684e+050
rx:-1.83918e+030, ry:-7.98956e+030, vx:-1.83918e+019, vy:-7.98956e+019, mass:7.78524e+049
rx:-2.82599e+030, ry:2.58605e+031, vx:-2.82599e+019, vy:2.58605e+020, mass:7.29661e+049
rx:3.10124e+030, ry:1.25996e+030, vx:3.10124e+019, vy:1.25996e+019, mass:7.66505e+049
rx:-6.37149e+031, ry:2.03966e+032, vx:-6.37149e+020, vy:2.03966e+021, mass:7.76946e+048
rx:-1.53252e+031, ry:-9.18026e+030, vx:-1.53252e+020, vy:-9.18026e+019, mass:6.32846e+049
rx:-1.59274e+031, ry:-9.76291e+030, vx:-1.59274e+020, vy:-9.76291e+019, mass:2.45648e+049
rx:-2.20609e+031, ry:-3.82544e+030, vx:-2.20609e+020, vy:-3.82544e+019, mass:5.27109e+049
rx:9.19345e+030, ry:-9.81045e+030, vx:9.19345e+019, vy:-9.81045e+019, mass:1.6969e+050
rx:7.39818e+030, ry:-1.03631e+031, vx:7.39818e+019, vy:-1.03631e+020, mass:9.72153e+049
rx:-1.09056e+031, ry:-6.43691e+031, vx:-1.09056e+020, vy:-6.43691e+020, mass:3.15027e+049
rx:-2.31331e+031, ry:1.02518e+031, vx:-2.31331e+020, vy:1.02518e+020, mass:4.78671e+049
rx:4.56058e+030, ry:-1.14745e+031, vx:4.56058e+019, vy:-1.14745e+020, mass:1.05476e+050
rx:6.9619e+030, ry:-1.00629e+030, vx:6.9619e+019, vy:-1.00629e+019, mass:1.36463e+050
rx:1.09287e+030, ry:8.66931e+029, vx:1.09287e+019, vy:8.66931e+018, mass:1.7542e+048
rx:9.42171e+030, ry:5.88457e+030, vx:9.42171e+019, vy:5.88457e+019, mass:1.90048e+050
rx:-9.50103e+030, ry:7.25667e+028, vx:-9.50103e+019, vy:7.25667e+017, mass:5.89204e+049
rx:-2.35423e+030, ry:-1.1637e+031, vx:-2.35423e+019, vy:-1.1637e+020, mass:6.36428e+049
rx:-5.10074e+030, ry:1.02131e+031, vx:-5.10074e+019, vy:1.02131e+020, mass:1.97951e+050
rx:3.73005e+030, ry:-1.9904e+031, vx:3.73005e+019, vy:-1.9904e+020, mass:9.79012e+049
rx:-1.37559e+030, ry:-1.36026e+031, vx:-1.37559e+019, vy:-1.36026e+020, mass:1.93411e+050
rx:2.38795e+030, ry:-5.003e+030, vx:2.38795e+019, vy:-5.003e+019, mass:1.03795e+049
rx:1.27894e+031, ry:-1.67086e+031, vx:1.27894e+020, vy:-1.67086e+020, mass:1.6833e+050
rx:-9.45315e+030, ry:-6.94945e+030, vx:-9.45315e+019, vy:-6.94945e+019, mass:1.98491e+050
rx:-4.95247e+031, ry:-5.30585e+031, vx:-4.95247e+020, vy:-5.30585e+020, mass:1.19528e+050
rx:-1.86551e+030, ry:-8.21782e+030, vx:-1.86551e+019, vy:-8.21782e+019, mass:8.38251e+049
rx:-2.18712e+031, ry:8.39923e+029, vx:-2.18712e+020, vy:8.39923e+018, mass:6.44319e+049
rx:4.82478e+030, ry:-4.33475e+030, vx:4.82478e+019, vy:-4.33475e+019, mass:6.15122e+049
rx:-8.18853e+030, ry:-1.45731e+030, vx:-8.18853e+019, vy:-1.45731e+019, mass:1.38758e+049
rx:9.95668e+030, ry:-2.16196e+030, vx:9.95668e+019, vy:-2.16196e+019, mass:9.31667e+049
rx:-1.2192e+028, ry:-2.6669e+030, vx:-1.2192e+017, vy:-2.6669e+019, mass:1.68694e+050
rx:-5.93794e+030, ry:1.57999e+031, vx:-5.93794e+019, vy:1.57999e+020, mass:1.148e+050
rx:-1.59414e+031, ry:3.94857e+030, vx:-1.59414e+020, vy:3.94857e+019, mass:1.46648e+050
rx:5.74317e+030, ry:4.31935e+030, vx:5.74317e+019, vy:4.31935e+019, mass:7.17582e+049
rx:7.53268e+030, ry:1.71717e+031, vx:7.53268e+019, vy:1.71717e+020, mass:2.4316e+049
rx:-8.52076e+030, ry:8.08537e+030, vx:-8.52076e+019, vy:8.08537e+019, mass:1.77459e+050
rx:1.89991e+030, ry:-2.69193e+031, vx:1.89991e+019, vy:-2.69193e+020, mass:1.15206e+049
rx:-3.37922e+031, ry:-2.94373e+031, vx:-3.37922e+020, vy:-2.94373e+020, mass:3.59337e+048
rx:-6.37429e+030, ry:1.95945e+031, vx:-6.37429e+019, vy:1.95945e+020, mass:1.50703e+050
rx:-8.93519e+029, ry:-6.24949e+030, vx:-8.93519e+018, vy:-6.24949e+019, mass:1.80852e+050
rx:-8.44019e+030, ry:2.97412e+030, vx:-8.44019e+019, vy:2.97412e+019, mass:4.10749e+049
rx:-1.18608e+031, ry:-1.12507e+031, vx:-1.18608e+020, vy:-1.12507e+020, mass:1.46563e+050
rx:-1.7368e+029, ry:2.851e+031, vx:-1.7368e+018, vy:2.851e+020, mass:1.78849e+050
rx:-4.15552e+030, ry:1.11544e+031, vx:-4.15552e+019, vy:1.11544e+020, mass:9.40347e+049
rx:2.62534e+030, ry:1.04536e+031, vx:2.62534e+019, vy:1.04536e+020, mass:1.39978e+050
rx:1.76982e+030, ry:-2.64697e+030, vx:1.76982e+019, vy:-2.64697e+019, mass:1.6223e+050
rx:-7.36497e+030, ry:5.88353e+030, vx:-7.36497e+019, vy:5.88353e+019, mass:1.68992e+050
rx:3.12633e+031, ry:9.6894e+030, vx:3.12633e+020, vy:9.6894e+019, mass:4.80432e+049
rx:-5.44554e+030, ry:-5.86526e+030, vx:-5.44554e+019, vy:-5.86526e+019, mass:8.15793e+048
rx:2.41482e+031, ry:8.25945e+030, vx:2.41482e+020, vy:8.25945e+019, mass:3.57698e+049
rx:-2.26402e+030, ry:-7.86324e+030, vx:-2.26402e+019, vy:-7.86324e+019, mass:1.38254e+050
rx:-6.21801e+029, ry:5.29006e+029, vx:-6.21801e+018, vy:5.29006e+018, mass:6.24288e+049
rx:1.01619e+031, ry:3.80382e+030, vx:1.01619e+020, vy:3.80382e+019, mass:6.07353e+049
rx:-1.73915e+031, ry:1.89202e+031, vx:-1.73915e+020, vy:1.89202e+020, mass:1.36572e+048
rx:8.61462e+030, ry:-2.23113e+031, vx:8.61462e+019, vy:-2.23113e+020, mass:1.84949e+050
rx:9.58033e+029, ry:1.70779e+031, vx:9.58033e+018, vy:1.70779e+020, mass:1.69568e+050
rx:4.11081e+030, ry:-1.62567e+030, vx:4.11081e+019, vy:-1.62567e+019, mass:1.60027e+050
rx:-9.18195e+030, ry:5.82213e+030, vx:-9.18195e+019, vy:5.82213e+019, mass:6.9828e+049
rx:7.24444e+030, ry:6.92348e+030, vx:7.24444e+019, vy:6.92348e+019, mass:1.62066e+049
rx:-5.43914e+030, ry:6.40417e+031, vx:-5.43914e+019, vy:6.40417e+020, mass:1.41161e+050
rx:5.35604e+030, ry:-4.86271e+029, vx:5.35604e+019, vy:-4.86271e+018, mass:1.37653e+050
rx:8.66811e+030, ry:9.2663e+031, vx:8.66811e+019, vy:9.2663e+020, mass:1.52907e+050
rx:3.52949e+029, ry:1.09467e+031, vx:3.52949e+018, vy:1.09467e+020, mass:6.67445e+049
rx:4.0846e+029, ry:1.18752e+030, vx:4.0846e+018, vy:1.18752e+019, mass:1.03613e+049
rx:4.06806e+030, ry:8.78284e+030, vx:4.06806e+019, vy:8.78284e+019, mass:1.17768e+050
rx:9.94557e+030, ry:-1.71292e+031, vx:9.94557e+019, vy:-1.71292e+020, mass:1.87596e+050
rx:4.83816e+030, ry:6.75759e+030, vx:4.83816e+019, vy:6.75759e+019, mass:3.20429e+049
rx:-5.68206e+030, ry:3.76681e+030, vx:-5.68206e+019, vy:3.76681e+019, mass:1.96063e+050
rx:-2.87403e+030, ry:-1.35016e+031, vx:-2.87403e+019, vy:-1.35016e+020, mass:4.46562e+049
rx:1.97075e+031, ry:1.71172e+031, vx:1.97075e+020, vy:1.71172e+020, mass:6.15729e+049
rx:2.11108e+030, ry:2.54372e+031, vx:2.11108e+019, vy:2.54372e+020, mass:1.86e+050
rx:1.71252e+031, ry:1.07195e+031, vx:1.71252e+020, vy:1.07195e+020, mass:3.60491e+049
rx:2.1963e+032, ry:5.82913e+032, vx:2.1963e+021, vy:5.82913e+021, mass:5.94242e+048
rx:2.33498e+031, ry:1.68454e+030, vx:2.33498e+020, vy:1.68454e+019, mass:1.35261e+050
rx:1.30358e+031, ry:2.26407e+031, vx:1.30358e+020, vy:2.26407e+020, mass:1.12979e+050
rx:7.5942e+030, ry:1.11406e+031, vx:7.5942e+019, vy:1.11406e+020, mass:9.91759e+049
rx:1.91194e+031, ry:1.74166e+031, vx:1.91194e+020, vy:1.74166e+020, mass:1.58023e+050
rx:2.1148e+031, ry:-8.28211e+030, vx:2.1148e+020, vy:-8.28211e+019, mass:1.72804e+050
rx:2.47303e+030, ry:1.53518e+031, vx:2.47303e+019, vy:1.53518e+020, mass:2.55057e+049
rx:-1.5395e+031, ry:8.27063e+030, vx:-1.5395e+020, vy:8.27063e+019, mass:1.21792e+050
rx:-8.24311e+030, ry:1.17639e+030, vx:-8.24311e+019, vy:1.17639e+019, mass:5.47686e+049
rx:-2.40159e+031, ry:6.64071e+030, vx:-2.40159e+020, vy:6.64071e+019, mass:6.30176e+049
rx:-9.43799e+030, ry:4.8289e+030, vx:-9.43799e+019, vy:4.8289e+019, mass:9.29846e+049
rx:-5.03853e+030, ry:1.43846e+030, vx:-5.03853e+019, vy:1.43846e+019, mass:1.26563e+050
rx:2.44729e+031, ry:2.05695e+030, vx:2.44729e+020, vy:2.05695e+019, mass:1.64118e+050
rx:-2.74478e+031, ry:-2.29986e+031, vx:-2.74478e+020, vy:-2.29986e+020, mass:1.42648e+050
rx:-9.51622e+030, ry:1.35431e+030, vx:-9.51622e+019, vy:1.35431e+019, mass:1.68221e+050
rx:-3.21723e+030, ry:-5.53009e+030, vx:-3.21723e+019, vy:-5.53009e+019, mass:1.48961e+050
rx:1.88688e+030, ry:1.73259e+030, vx:1.88688e+019, vy:1.73259e+019, mass:3.42949e+048
rx:-1.90474e+030, ry:-9.26486e+031, vx:-1.90474e+019, vy:-9.26486e+020, mass:1.27267e+050
rx:2.26867e+030, ry:-3.58474e+031, vx:2.26867e+019, vy:-3.58474e+020, mass:1.10605e+050
rx:-1.34773e+031, ry:-1.07017e+031, vx:-1.34773e+020, vy:-1.07017e+020, mass:1.62697e+050
rx:7.61995e+030, ry:-5.33949e+030, vx:7.61995e+019, vy:-5.33949e+019, mass:5.3852e+049
rx:3.10976e+031, ry:-9.73429e+030, vx:3.10976e+020, vy:-9.73429e+019, mass:3.1181e+049
rx:-1.87396e+031, ry:-4.85463e+031, vx:-1.87396e+020, vy:-4.85463e+020, mass:1.09367e+050
rx:2.74625e+031, ry:1.08862e+031, vx:2.74625e+020, vy:1.08862e+020, mass:5.13512e+048
rx:1.89683e+030, ry:1.21454e+031, vx:1.89683e+019, vy:1.21454e+020, mass:9.45749e+049
rx:-8.29328e+030, ry:1.58012e+031, vx:-8.29328e+019, vy:1.58012e+020, mass:9.2845e+049
rx:-2.23669e+031, ry:-7.32627e+030, vx:-2.23669e+020, vy:-7.32627e+019, mass:1.2249e+049
rx:-1.23569e+031, ry:1.65508e+031, vx:-1.23569e+020, vy:1.65508e+020, mass:9.82775e+049
rx:6.915e+030, ry:1.39822e+030, vx:6.915e+019, vy:1.39822e+019, mass:1.22715e+050
rx:1.69657e+030, ry:4.48832e+030, vx:1.69657e+019, vy:4.48832e+019, mass:1.03577e+050
rx:1.01107e+031, ry:-6.19484e+030, vx:1.01107e+020, vy:-6.19484e+019, mass:4.65318e+049
rx:5.65434e+030, ry:9.90009e+030, vx:5.65434e+019, vy:9.90009e+019, mass:1.80816e+050
rx:1.70708e+031, ry:-5.55006e+030, vx:1.70708e+020, vy:-5.55006e+019, mass:7.98312e+049
rx:2.3159e+031, ry:1.08777e+031, vx:2.3159e+020, vy:1.08777e+020, mass:1.28584e+050
rx:-2.02502e+031, ry:-1.09557e+030, vx:-2.02502e+020, vy:-1.09557e+019, mass:1.47777e+050
rx:-1.42942e+031, ry:-3.31003e+029, vx:-1.42942e+020, vy:-3.31003e+018, mass:2.91051e+049
rx:3.42456e+029, ry:9.39387e+030, vx:3.42456e+018, vy:9.39387e+019, mass:1.75153e+050
rx:1.13237e+030, ry:-4.52034e+030, vx:1.13237e+019, vy:-4.52034e+019, mass:3.45498e+049
rx:2.43596e+030, ry:-1.49047e+030, vx:2.43596e+019, vy:-1.49047e+019, mass:8.40801e+049
rx:2.11718e+029, ry:-1.43969e+031, vx:2.11718e+018, vy:-1.43969e+020, mass:1.78218e+050
rx:-7.00595e+030, ry:-4.78337e+030, vx:-7.00595e+019, vy:-4.78337e+019, mass:1.53811e+049
rx:-2.64548e+031, ry:1.54962e+031, vx:-2.64548e+020, vy:1.54962e+020, mass:1.17513e+049
rx:1.04045e+031, ry:-8.00633e+030, vx:1.04045e+020, vy:-8.00633e+019, mass:1.77131e+050
